steps,time,reward,delta,converged
1,0.05500600000050326,-5.74251497005988,0,False
2,0.0473230000006879,-4.758,100.00020323768628,False
3,0.04740900000069814,-5.544910179640719,100.00020323768628,False
4,0.015251000000716886,-2.8322981366459627,100.00020323768628,False
5,0.013724000000365777,-3.717241379310345,100.00020323768628,False
6,0.007018000000243774,-0.9726027397260274,100.00020323768628,False
7,0.014787000000069384,-4.160256410256411,100.00020323768628,False
8,0.0030839999999443535,2.15625,100.00020323768628,False
9,0.007563999999547377,-4.734177215189874,100.00020323768628,False
10,0.00728999999955704,-3.5454545454545454,100.00020323768628,False
11,0.015040000000226428,-4.160256410256411,100.00020323768628,False
12,0.002394000001004315,3.04,100.00020323768628,False
13,0.0030679999999847496,-4.03125,100.00020323768628,False
14,0.004829999999856227,-2.9019607843137254,100.00020323768628,False
15,0.001931999999214895,4.05,100.00020323768628,False
16,0.003953000001274631,-3.3658536585365852,100.00020323768628,False
17,0.001646999999138643,4.9411764705882355,100.00020323768628,False
18,0.0023980000005394686,3.04,100.00020323768628,False
19,0.0028750000001309672,-0.9333333333333333,100.00020323768628,False
20,0.003807000000961125,-0.95,100.00020323768628,False
21,0.0021070000002509914,3.590909090909091,100.00020323768628,False
22,0.0016910000013012905,-0.8823529411764706,100.00020323768628,False
23,0.0018159999999625143,-0.8947368421052632,100.00020323768628,False
24,0.003618000000642496,-3.6944444444444446,100.00020323768628,False
25,0.001668999999310472,4.9411764705882355,100.00020323768628,False
26,0.006317999999737367,-3.925373134328358,100.00020323768628,False
27,0.0014339999997901032,5.733333333333333,100.00020323768628,False
28,0.001737999999022577,4.611111111111111,100.00020323768628,False
29,0.001730999998471816,4.611111111111111,100.00020323768628,False
30,0.004081999999471009,-3.255813953488372,100.00020323768628,False
31,0.0018099999997502891,-0.8947368421052632,100.00020323768628,False
32,0.006347000000459957,-6.880597014925373,100.00020323768628,False
33,0.0015340000009018695,5.3125,100.00020323768628,False
34,0.0018159999999625143,4.315789473684211,100.00020323768628,False
35,0.0031389999985549366,-0.9393939393939394,100.00020323768628,False
36,0.00423899999987043,-3.1555555555555554,100.00020323768628,False
37,0.0031290000006265473,-0.9393939393939394,100.00020323768628,False
38,0.005950000000666478,-4.111111111111111,100.00020323768628,False
39,0.0020309999999881256,3.8095238095238093,100.00020323768628,False
40,0.0020039999999426072,3.8095238095238093,100.00020323768628,False
41,0.003228999999919324,-0.9411764705882353,100.00020323768628,False
42,0.002848000000085449,-0.9333333333333333,100.00020323768628,False
43,0.001833000000260654,4.315789473684211,100.00020323768628,False
44,0.0049230000004172325,-2.8653846153846154,100.00020323768628,False
45,0.0018270000000484288,4.315789473684211,100.00020323768628,False
46,0.0015440000006492482,5.3125,100.00020323768628,False
47,0.0019509999983711168,-0.9,100.00020323768628,False
48,0.0014449999998760177,5.733333333333333,100.00020323768628,False
49,0.0016349999987141928,4.9411764705882355,100.00020323768628,False
50,0.001914000000397209,4.05,100.00020323768628,False
51,0.003406999998333049,-0.9428571428571428,100.00020323768628,False
52,0.005474000001413515,-2.6724137931034484,100.00020323768628,False
53,0.003228999999919324,-0.9411764705882353,100.00020323768628,False
54,0.0029410000006464543,-0.9354838709677419,100.00020323768628,False
55,0.0014430000010179356,5.733333333333333,100.00020323768628,False
56,0.004659000000174274,-0.9591836734693877,100.00020323768628,False
57,0.002287000001160777,3.2083333333333335,100.00020323768628,False
58,0.0030339999993884703,-4.03125,100.00020323768628,False
59,0.002298999999766238,3.2083333333333335,100.00020323768628,False
60,0.0042489999996178085,-5.355555555555555,100.00020323768628,False
61,0.0016299999988405034,4.9411764705882355,100.00020323768628,False
62,0.0016349999987141928,4.9411764705882355,100.00020323768628,False
63,0.0029799999992974335,-0.9354838709677419,100.00020323768628,False
64,0.0018159999999625143,4.315789473684211,100.00020323768628,False
65,0.0017179999995278195,4.611111111111111,100.00020323768628,False
66,0.005130999999892083,-4.62962962962963,100.00020323768628,False
67,0.0018220000001747394,4.315789473684211,100.00020323768628,False
68,0.001914000000397209,4.05,100.00020323768628,False
69,0.0017399999996996485,4.611111111111111,100.00020323768628,False
70,0.002007999999477761,3.8095238095238093,100.00020323768628,False
71,0.0036330000002635643,-0.9473684210526315,100.00020323768628,False
72,0.0020039999999426072,3.8095238095238093,100.00020323768628,False
73,0.0055530000008729985,-4.322033898305085,100.00020323768628,False
74,0.0033119999989139615,-0.9428571428571428,100.00020323768628,False
75,0.004097999999430613,-3.255813953488372,100.00020323768628,False
76,0.001726000000417116,4.611111111111111,100.00020323768628,False
77,0.002013999999689986,3.8095238095238093,100.00020323768628,False
78,0.0020100000001548324,-0.9047619047619048,100.00020323768628,False
79,0.004397999999127933,-3.108695652173913,100.00020323768628,False
80,0.00341399999888381,-0.9444444444444444,100.00020323768628,False
81,0.0015440000006492482,5.3125,100.00020323768628,False
82,0.0020980000008421484,-0.9090909090909091,100.00020323768628,False
83,0.001443999999537482,5.733333333333333,100.00020323768628,False
84,0.003131999999823165,-0.9393939393939394,100.00020323768628,False
85,0.0017310000002908055,4.611111111111111,100.00020323768628,False
86,0.001825999999709893,4.315789473684211,100.00020323768628,False
87,0.004639000000679516,-2.979591836734694,100.00020323768628,False
88,0.001651000000492786,4.9411764705882355,100.00020323768628,False
89,0.003806000000622589,-0.95,100.00020323768628,False
90,0.004544000001260429,-3.0638297872340425,100.00020323768628,False
91,0.001839000000472879,4.315789473684211,100.00020323768628,False
92,0.0021010000000387663,-5.409090909090909,100.00020323768628,False
93,0.0016310000009980286,4.9411764705882355,100.00020323768628,False
94,0.0018380000001343433,4.315789473684211,100.00020323768628,False
95,0.0016419999992649537,4.9411764705882355,100.00020323768628,False
96,0.002593999999589869,-8.25925925925926,100.00020323768628,False
97,0.0016590000013820827,4.9411764705882355,100.00020323768628,False
98,0.001642000001083943,4.9411764705882355,100.00020323768628,False
99,0.001833000000260654,4.315789473684211,100.00020323768628,False
100,0.001636000000871718,4.9411764705882355,100.00020323768628,False
101,0.0019329999995534308,4.05,100.00020323768628,False
102,0.0016329999998561107,-0.8823529411764706,100.00020323768628,False
103,0.002103000000715838,-0.9090909090909091,100.00020323768628,False
104,0.002016999998886604,-0.9047619047619048,100.00020323768628,False
105,0.001629000000320957,4.9411764705882355,100.00020323768628,False
106,0.0015440000006492482,5.3125,100.00020323768628,False
107,0.0022869999993417878,-0.9166666666666666,100.00020323768628,False
108,0.0032529999989492353,-12.588235294117647,100.00020323768628,False
109,0.0014429999991989462,5.733333333333333,100.00020323768628,False
110,0.0018159999999625143,4.315789473684211,100.00020323768628,False
111,0.004464000001462409,-3.0638297872340425,100.00020323768628,False
112,0.0018579999996291008,4.315789473684211,100.00020323768628,False
113,0.0018309999995835824,4.315789473684211,100.00020323768628,False
114,0.003036999998585088,-0.9375,100.00020323768628,False
115,0.0015400000011140946,5.3125,100.00020323768628,False
116,0.0018209999998362036,4.315789473684211,100.00020323768628,False
117,0.002882000000681728,-0.9333333333333333,100.00020323768628,False
118,0.0031280000002880115,-0.9393939393939394,100.00020323768628,False
119,0.001930000000356813,4.05,100.00020323768628,False
120,0.0018179999988205964,4.315789473684211,100.00020323768628,False
121,0.0014420000006793998,5.733333333333333,100.00020323768628,False
122,0.004160000000410946,-3.2045454545454546,100.00020323768628,False
123,0.0046469999997498235,-2.979591836734694,100.00020323768628,False
124,0.00153399999908288,5.3125,100.00020323768628,False
125,0.003252000000429689,-0.9411764705882353,100.00020323768628,False
126,0.0018280000003869645,4.315789473684211,100.00020323768628,False
127,0.0018280000003869645,4.315789473684211,100.00020323768628,False
128,0.0015379999986180337,5.3125,100.00020323768628,False
129,0.0044500000003608875,-0.9574468085106383,100.00020323768628,False
130,0.0014370000008057104,5.733333333333333,100.00020323768628,False
131,0.001728999999613734,4.611111111111111,100.00020323768628,False
132,0.001441000000340864,5.733333333333333,100.00020323768628,False
133,0.0016310000009980286,4.9411764705882355,100.00020323768628,False
134,0.002197000001615379,3.391304347826087,100.00020323768628,False
135,0.0035499999994499376,-3.6216216216216215,100.00020323768628,False
136,0.003136000001177308,-0.9393939393939394,100.00020323768628,False
137,0.0016370000012102537,4.9411764705882355,100.00020323768628,False
138,0.001629000000320957,4.9411764705882355,100.00020323768628,False
139,0.002228000001196051,-5.217391304347826,100.00020323768628,False
140,0.0033230000008188654,-3.7714285714285714,100.00020323768628,False
141,0.0017449999995733378,4.611111111111111,100.00020323768628,False
142,0.003904000001057284,-0.9512195121951219,100.00020323768628,False
143,0.003049000000828528,-0.9375,100.00020323768628,False
144,0.0017619999998714775,4.611111111111111,100.00020323768628,False
145,0.002201999999670079,-0.9130434782608695,100.00020323768628,False
146,0.0014419999988604104,5.733333333333333,100.00020323768628,False
147,0.002855999999155756,-0.9333333333333333,100.00020323768628,False
148,0.0032250000003841706,-0.9411764705882353,100.00020323768628,False
149,0.0018230000005132752,4.315789473684211,100.00020323768628,False
150,0.0014370000008057104,5.733333333333333,100.00020323768628,False
151,0.0014449999998760177,5.733333333333333,100.00020323768628,False
152,0.0014329999994515674,5.733333333333333,100.00020323768628,False
153,0.003598999999667285,4.611111111111111,100.00020323768628,False
154,0.003158000001349137,5.3125,100.00020323768628,False
155,0.0024689999991096556,5.733333333333333,100.00020323768628,False
156,0.006261000000449712,-0.9655172413793104,100.00020323768628,False
157,0.0014430000010179356,5.733333333333333,100.00020323768628,False
158,0.00831800000014482,-5.4772727272727275,100.00020323768628,False
159,0.0014490000012301607,5.733333333333333,100.00020323768628,False
160,0.0014509999982692534,5.733333333333333,100.00020323768628,False
161,0.002738000001045293,2.4827586206896552,100.00020323768628,False
162,0.0015330000005633337,-0.875,100.00020323768628,False
163,0.0014300000002549496,5.733333333333333,100.00020323768628,False
164,0.001812999998946907,4.315789473684211,100.00020323768628,False
165,0.001435000000128639,5.733333333333333,100.00020323768628,False
166,0.0014429999991989462,5.733333333333333,100.00020323768628,False
167,0.0014400000000023283,5.733333333333333,100.00020323768628,False
168,0.0016219999997701962,4.9411764705882355,100.00020323768628,False
169,0.001825999999709893,4.315789473684211,100.00020323768628,False
170,0.0015439999988302588,5.3125,100.00020323768628,False
171,0.0016350000005331822,4.9411764705882355,100.00020323768628,False
172,0.0016340000001946464,4.9411764705882355,100.00020323768628,False
173,0.003988000000390457,-3.3658536585365852,100.00020323768628,False
174,0.001441000000340864,5.733333333333333,100.00020323768628,False
175,0.0018110000000888249,4.315789473684211,100.00020323768628,False
176,0.0016209999994316604,4.9411764705882355,100.00020323768628,False
177,0.0014310000005934853,5.733333333333333,100.00020323768628,False
178,0.0030239999996410916,-4.03125,100.00020323768628,False
179,0.0019019999999727588,4.05,100.00020323768628,False
180,0.001435000000128639,5.733333333333333,100.00020323768628,False
181,0.004043999999339576,-5.666666666666667,100.00020323768628,False
182,0.0035640000005514594,-0.9459459459459459,100.00020323768628,False
183,0.0016240000004472677,4.9411764705882355,100.00020323768628,False
184,0.0052770000002055895,-2.732142857142857,100.00020323768628,False
185,0.0024659999999130378,-0.9230769230769231,100.00020323768628,False
186,0.0018060000002151355,4.315789473684211,100.00020323768628,False
187,0.001717000001008273,4.611111111111111,100.00020323768628,False
188,0.004800000000614091,-2.9019607843137254,100.00020323768628,False
189,0.0025519999999232823,-0.9259259259259259,100.00020323768628,False
190,0.001993000001675682,3.8095238095238093,100.00020323768628,False
191,0.0016630000009172363,4.9411764705882355,100.00020323768628,False
192,0.003952000000936096,-0.9523809523809523,100.00020323768628,False
193,0.0016239999986282783,4.9411764705882355,100.00020323768628,False
194,0.0016340000001946464,4.9411764705882355,100.00020323768628,False
195,0.0016350000005331822,4.9411764705882355,100.00020323768628,False
196,0.0016259999993053498,4.9411764705882355,100.00020323768628,False
197,0.0014339999997901032,5.733333333333333,100.00020323768628,False
198,0.0016240000004472677,4.9411764705882355,100.00020323768628,False
199,0.0031049999997776467,-0.9375,100.00020323768628,False
200,0.0014330000012705568,5.733333333333333,100.00020323768628,False
201,0.0018110000000888249,4.315789473684211,100.00020323768628,False
202,0.0028359999996609986,-0.9333333333333333,100.00020323768628,False
203,0.002002000001084525,3.8095238095238093,100.00020323768628,False
204,0.003396000000066124,-0.9444444444444444,100.00020323768628,False
205,0.0014429999991989462,5.733333333333333,100.00020323768628,False
206,0.0015270000003511086,5.3125,100.00020323768628,False
207,0.0014739999987796182,5.733333333333333,100.00020323768628,False
208,0.0015390000007755589,5.3125,100.00020323768628,False
209,0.0016389999982493464,4.9411764705882355,100.00020323768628,False
210,0.002088999999614316,-0.9090909090909091,100.00020323768628,False
211,0.0017189999998663552,4.611111111111111,100.00020323768628,False
212,0.0038700000004610047,-0.9512195121951219,100.00020323768628,False
213,0.0027449999997770647,-0.9310344827586207,100.00020323768628,False
214,0.0014339999997901032,5.733333333333333,100.00020323768628,False
215,0.0017139999999926658,4.611111111111111,100.00020323768628,False
216,0.0014380000011442462,5.733333333333333,100.00020323768628,False
217,0.0018070000005536713,4.315789473684211,100.00020323768628,False
218,0.001720000000204891,4.611111111111111,100.00020323768628,False
219,0.0032320000009349314,-0.9411764705882353,100.00020323768628,False
220,0.004253999999491498,-3.1555555555555554,100.00020323768628,False
221,0.0017150000003312016,4.611111111111111,100.00020323768628,False
222,0.0014370000008057104,5.733333333333333,100.00020323768628,False
223,0.0014400000000023283,5.733333333333333,100.00020323768628,False
224,0.0015289999992091907,5.3125,100.00020323768628,False
225,0.001711000000796048,-0.8888888888888888,100.00020323768628,False
226,0.0015290000010281801,5.3125,100.00020323768628,False
227,0.0019909999991796212,-0.9047619047619048,100.00020323768628,False
228,0.001449999999749707,5.733333333333333,100.00020323768628,False
229,0.0019159999992552912,4.05,100.00020323768628,False
230,0.0017250000000785803,4.611111111111111,100.00020323768628,False
231,0.001441000000340864,5.733333333333333,100.00020323768628,False
232,0.0014419999988604104,5.733333333333333,100.00020323768628,False
233,0.0015439999988302588,5.3125,100.00020323768628,False
234,0.0071779999998398125,-4.881578947368421,100.00020323768628,False
235,0.001441000000340864,5.733333333333333,100.00020323768628,False
236,0.0014489999994111713,5.733333333333333,100.00020323768628,False
237,0.001441000000340864,5.733333333333333,100.00020323768628,False
238,0.0014420000006793998,5.733333333333333,100.00020323768628,False
239,0.0019950000005337643,3.8095238095238093,100.00020323768628,False
240,0.0026710000001912704,-0.9285714285714286,100.00020323768628,False
241,0.0014310000005934853,5.733333333333333,100.00020323768628,False
242,0.0028419999998732237,-0.9333333333333333,100.00020323768628,False
243,0.0021899999992456287,-0.9130434782608695,100.00020323768628,False
244,0.0015489999987039482,5.3125,100.00020323768628,False
245,0.0014470000005530892,5.733333333333333,100.00020323768628,False
246,0.001720000000204891,4.611111111111111,100.00020323768628,False
247,0.0019589999992604135,5.733333333333333,100.00020323768628,False
248,0.006003999998938525,-0.9354838709677419,100.00020323768628,False
249,0.0024120000016409904,5.733333333333333,100.00020323768628,False
250,0.003711999999723048,-0.9393939393939394,100.00020323768628,False
251,0.0019150000007357448,4.05,100.00020323768628,False
252,0.0014349999983096495,5.733333333333333,100.00020323768628,False
253,0.0036070000005565817,-0.9473684210526315,100.00020323768628,False
254,0.0016279999999824213,4.9411764705882355,100.00020323768628,False
255,0.0014430000010179356,5.733333333333333,100.00020323768628,False
256,0.0014389999996637926,5.733333333333333,100.00020323768628,False
257,0.001668999999310472,4.9411764705882355,100.00020323768628,False
258,0.0024870000015653204,-0.9230769230769231,100.00020323768628,False
259,0.0016329999998561107,4.9411764705882355,100.00020323768628,False
260,0.0015330000005633337,5.3125,100.00020323768628,False
261,0.001861000000644708,4.315789473684211,100.00020323768628,False
262,0.002462000000377884,-0.9230769230769231,100.00020323768628,False
263,0.001631999999517575,4.9411764705882355,100.00020323768628,False
264,0.0016259999993053498,4.9411764705882355,100.00020323768628,False
265,0.004149000000325032,-0.9545454545454546,100.00020323768628,False
266,0.001623000000108732,4.9411764705882355,100.00020323768628,False
267,0.0014429999991989462,5.733333333333333,100.00020323768628,False
268,0.0017329999991488876,4.611111111111111,100.00020323768628,False
269,0.002201999999670079,3.391304347826087,100.00020323768628,False
270,0.0017310000002908055,-0.8888888888888888,100.00020323768628,False
271,0.0016279999999824213,4.9411764705882355,100.00020323768628,False
272,0.0016180000002350425,4.9411764705882355,100.00020323768628,False
273,0.0016269999996438855,4.9411764705882355,100.00020323768628,False
274,0.0014449999998760177,5.733333333333333,100.00020323768628,False
275,0.004603999999744701,-2.979591836734694,100.00020323768628,False
276,0.002741000000241911,-0.9310344827586207,100.00020323768628,False
277,0.0015359999997599516,5.3125,100.00020323768628,False
278,0.0014310000005934853,5.733333333333333,100.00020323768628,False
279,0.0030389999992621597,-0.9375,100.00020323768628,False
280,0.0030000000006111804,-7.125,100.00020323768628,False
281,0.002290000000357395,3.2083333333333335,100.00020323768628,False
282,0.001441000000340864,5.733333333333333,100.00020323768628,False
283,0.0014380000011442462,5.733333333333333,100.00020323768628,False
284,0.0017130000014731195,4.611111111111111,100.00020323768628,False
285,0.002091999998810934,3.590909090909091,100.00020323768628,False
286,0.0014489999994111713,5.733333333333333,100.00020323768628,False
287,0.0016259999993053498,4.9411764705882355,100.00020323768628,False
288,0.0017230000012204982,-0.8888888888888888,100.00020323768628,False
289,0.003568000000086613,-0.9354838709677419,100.00020323768628,False
290,0.0018409999993309611,4.9411764705882355,100.00020323768628,False
291,0.0017459999999118736,4.9411764705882355,100.00020323768628,False
292,0.004872999999861349,-5.780487804878049,100.00020323768628,False
293,0.002259000000776723,5.3125,100.00020323768628,False
294,0.002929000000222004,5.733333333333333,100.00020323768628,False
295,0.004677000000810949,-0.9130434782608695,100.00020323768628,False
296,0.004919999999401625,-5.558139534883721,100.00020323768628,False
297,0.0017320000006293412,-0.8888888888888888,100.00020323768628,False
298,0.0014400000000023283,5.733333333333333,100.00020323768628,False
299,0.0018120000004273606,4.315789473684211,100.00020323768628,False
300,0.0017230000012204982,4.611111111111111,100.00020323768628,False
301,0.003891000000294298,-0.9512195121951219,100.00020323768628,False
302,0.0015270000003511086,5.3125,100.00020323768628,False
303,0.001443999999537482,5.733333333333333,100.00020323768628,False
304,0.0018140000011044322,-0.8947368421052632,100.00020323768628,False
305,0.002340000000913278,4.315789473684211,100.00020323768628,False
306,0.0027650000010908116,5.733333333333333,100.00020323768628,False
307,0.0017580000003363239,-0.875,100.00020323768628,False
308,0.0017569999999977881,4.9411764705882355,100.00020323768628,False
309,0.0017470000002504094,4.9411764705882355,100.00020323768628,False
310,0.0016209999994316604,5.733333333333333,100.00020323768628,False
311,0.00145400000110385,5.733333333333333,100.00020323768628,False
312,0.004247999999279273,-0.9354838709677419,100.00020323768628,False
313,0.0031079999989742646,5.733333333333333,100.00020323768628,False
314,0.0023099999998521525,5.733333333333333,100.00020323768628,False
315,0.0014649999993707752,5.733333333333333,100.00020323768628,False
316,0.0019109999993816018,-0.9,100.00020323768628,False
317,0.0021779999988211785,-0.9130434782608695,100.00020323768628,False
318,0.0017169999991892837,4.611111111111111,100.00020323768628,False
319,0.0014599999994970858,5.733333333333333,100.00020323768628,False
320,0.0014609999998356216,5.733333333333333,100.00020323768628,False
321,0.006245999999009655,-2.4696969696969697,100.00020323768628,False
322,0.0037260000008245697,-0.9473684210526315,100.00020323768628,False
323,0.0016570000007050112,5.733333333333333,100.00020323768628,False
324,0.001463000000512693,5.733333333333333,100.00020323768628,False
325,0.0014460000002145534,5.733333333333333,100.00020323768628,False
326,0.001629000000320957,4.9411764705882355,100.00020323768628,False
327,0.001441000000340864,5.733333333333333,100.00020323768628,False
328,0.0014400000000023283,5.733333333333333,100.00020323768628,False
329,0.0016269999996438855,4.9411764705882355,100.00020323768628,False
330,0.003311000000394415,-0.9428571428571428,100.00020323768628,False
331,0.0014510000000882428,5.733333333333333,100.00020323768628,False
332,0.0015419999999721767,5.3125,100.00020323768628,False
333,0.0015330000005633337,5.3125,100.00020323768628,False
334,0.0014419999988604104,5.733333333333333,100.00020323768628,False
335,0.0016379999997298,4.9411764705882355,100.00020323768628,False
336,0.0016390000000683358,4.9411764705882355,100.00020323768628,False
337,0.0018099999997502891,4.315789473684211,100.00020323768628,False
338,0.001629000000320957,4.9411764705882355,100.00020323768628,False
339,0.0016329999998561107,4.9411764705882355,100.00020323768628,False
340,0.0016269999996438855,4.9411764705882355,100.00020323768628,False
341,0.004261000000042259,-3.1555555555555554,100.00020323768628,False
342,0.0016269999996438855,4.9411764705882355,100.00020323768628,False
343,0.0014379999993252568,5.733333333333333,100.00020323768628,False
344,0.0016489999998157145,4.9411764705882355,100.00020323768628,False
345,0.0014740000005986076,5.733333333333333,100.00020323768628,False
346,0.0017220000008819625,4.611111111111111,100.00020323768628,False
347,0.004341000001659268,-3.108695652173913,100.00020323768628,False
348,0.001435000000128639,5.733333333333333,100.00020323768628,False
349,0.0014449999998760177,5.733333333333333,100.00020323768628,False
350,0.002757000000201515,-0.9310344827586207,100.00020323768628,False
351,0.0014420000006793998,5.733333333333333,100.00020323768628,False
352,0.004174000001512468,-0.9545454545454546,100.00020323768628,False
353,0.0019090000005235197,-0.9,100.00020323768628,False
354,0.0016269999996438855,4.9411764705882355,100.00020323768628,False
355,0.007789000001139357,-2.182926829268293,100.00020323768628,False
356,0.001750999999785563,4.9411764705882355,100.00020323768628,False
357,0.0015750000002299203,5.3125,100.00020323768628,False
358,0.0042799999991984805,-3.1555555555555554,100.00020323768628,False
359,0.0016329999998561107,4.9411764705882355,100.00020323768628,False
360,0.0014409999985218747,5.733333333333333,100.00020323768628,False
361,0.002569000000221422,-0.9259259259259259,100.00020323768628,False
362,0.0034920000016427366,-0.9428571428571428,100.00020323768628,False
363,0.0020190000013826648,3.8095238095238093,100.00020323768628,False
364,0.001439000001482782,5.733333333333333,100.00020323768628,False
365,0.0027489999993122183,-0.9310344827586207,100.00020323768628,False
366,0.001436999998986721,5.733333333333333,100.00020323768628,False
367,0.001624999998966814,4.9411764705882355,100.00020323768628,False
368,0.0015299999995477265,5.3125,100.00020323768628,False
369,0.0015389999989565695,-0.875,100.00020323768628,False
370,0.0016399999985878821,4.9411764705882355,100.00020323768628,False
371,0.0016329999998561107,4.9411764705882355,100.00020323768628,False
372,0.0014469999987340998,5.733333333333333,100.00020323768628,False
373,0.0028519999996206025,-0.9333333333333333,100.00020323768628,False
374,0.0015400000011140946,5.733333333333333,100.00020323768628,False
375,0.0014550000014423858,5.733333333333333,100.00020323768628,False
376,0.002943000001323526,-0.9354838709677419,100.00020323768628,False
377,0.0016349999987141928,4.9411764705882355,100.00020323768628,False
378,0.0014429999991989462,5.733333333333333,100.00020323768628,False
379,0.0014429999991989462,5.733333333333333,100.00020323768628,False
380,0.0017239999997400446,-0.8888888888888888,100.00020323768628,False
381,0.0018149999996239785,4.315789473684211,100.00020323768628,False
382,0.0014359999986481853,5.733333333333333,100.00020323768628,False
383,0.001750999999785563,4.611111111111111,100.00020323768628,False
384,0.0014620000001741573,5.733333333333333,100.00020323768628,False
385,0.0018469999995431863,4.315789473684211,100.00020323768628,False
386,0.0017270000007556519,4.611111111111111,100.00020323768628,False
387,0.00181700000030105,4.315789473684211,100.00020323768628,False
388,0.0024790000006760238,-0.9230769230769231,100.00020323768628,False
389,0.0025740000000951113,-0.9259259259259259,100.00020323768628,False
390,0.0014420000006793998,5.733333333333333,100.00020323768628,False
391,0.0014449999998760177,5.733333333333333,100.00020323768628,False
392,0.0014470000005530892,5.733333333333333,100.00020323768628,False
393,0.0025420000001759036,-0.9230769230769231,100.00020323768628,False
394,0.0014539999992848607,5.733333333333333,100.00020323768628,False
395,0.001990000000660075,4.611111111111111,100.00020323768628,False
396,0.0026949999992211815,-0.9285714285714286,100.00020323768628,False
397,0.002673000000868342,-0.9285714285714286,100.00020323768628,False
398,0.0026639999996405095,-0.9285714285714286,100.00020323768628,False
399,0.0015359999997599516,5.3125,100.00020323768628,False
400,0.004247000000759726,-0.9555555555555556,100.00020323768628,False
401,0.0014489999994111713,5.733333333333333,100.00020323768628,False
402,0.0015459999995073304,5.3125,100.00020323768628,False
403,0.003319999999803258,-0.9428571428571428,100.00020323768628,False
404,0.0014649999993707752,5.733333333333333,100.00020323768628,False
405,0.001567000001159613,5.3125,100.00020323768628,False
406,0.0014370000008057104,5.733333333333333,100.00020323768628,False
407,0.0014429999991989462,5.733333333333333,100.00020323768628,False
408,0.004671000000598724,-5.0,100.00020323768628,False
409,0.001631999999517575,4.9411764705882355,100.00020323768628,False
410,0.0016349999987141928,4.9411764705882355,100.00020323768628,False
411,0.001441000000340864,5.733333333333333,100.00020323768628,False
412,0.0016310000009980286,4.9411764705882355,100.00020323768628,False
413,0.0032250000003841706,-0.9411764705882353,100.00020323768628,False
414,0.001445999998395564,5.733333333333333,100.00020323768628,False
415,0.0014400000000023283,5.733333333333333,100.00020323768628,False
416,0.0014670000000478467,5.733333333333333,100.00020323768628,False
417,0.0014389999996637926,5.733333333333333,100.00020323768628,False
418,0.0039859999997133855,-3.3095238095238093,100.00020323768628,False
419,0.0017269999989366625,4.611111111111111,100.00020323768628,False
420,0.0014429999991989462,5.733333333333333,100.00020323768628,False
421,0.001449999999749707,5.733333333333333,100.00020323768628,False
422,0.0016439999999420252,4.9411764705882355,100.00020323768628,False
423,0.0016299999988405034,4.9411764705882355,100.00020323768628,False
424,0.0015419999999721767,5.3125,100.00020323768628,False
425,0.0018130000007658964,4.315789473684211,100.00020323768628,False
426,0.0014420000006793998,5.733333333333333,100.00020323768628,False
427,0.0014639999990322394,5.733333333333333,100.00020323768628,False
428,0.0024779999985184986,-0.9230769230769231,100.00020323768628,False
429,0.0029410000006464543,-0.9354838709677419,100.00020323768628,False
430,0.003627000000051339,-0.9473684210526315,100.00020323768628,False
431,0.001448000000891625,5.733333333333333,100.00020323768628,False
432,0.001449999999749707,5.733333333333333,100.00020323768628,False
433,0.001825999999709893,4.315789473684211,100.00020323768628,False
434,0.0019179999999323627,4.05,100.00020323768628,False
435,0.0014460000002145534,5.733333333333333,100.00020323768628,False
436,0.0018209999998362036,-0.8947368421052632,100.00020323768628,False
437,0.0033239999993384117,-0.9428571428571428,100.00020323768628,False
438,0.0018289999989065109,-0.8947368421052632,100.00020323768628,False
439,0.0014489999994111713,5.733333333333333,100.00020323768628,False
440,0.001449999999749707,5.733333333333333,100.00020323768628,False
441,0.0014429999991989462,5.733333333333333,100.00020323768628,False
442,0.0014420000006793998,5.733333333333333,100.00020323768628,False
443,0.0014449999998760177,5.733333333333333,100.00020323768628,False
444,0.0014580000006390037,5.733333333333333,100.00020323768628,False
445,0.0015380000004370231,5.3125,100.00020323768628,False
446,0.0016299999988405034,4.9411764705882355,100.00020323768628,False
447,0.001721999999062973,4.611111111111111,100.00020323768628,False
448,0.0015560000010736985,5.3125,100.00020323768628,False
449,0.0014680000003863825,5.733333333333333,100.00020323768628,False
450,0.0019410000004427275,4.05,100.00020323768628,False
451,0.0014420000006793998,5.733333333333333,100.00020323768628,False
452,0.0015390000007755589,5.3125,100.00020323768628,False
453,0.0014409999985218747,5.733333333333333,100.00020323768628,False
454,0.0014460000002145534,5.733333333333333,100.00020323768628,False
455,0.0017229999994015088,4.611111111111111,100.00020323768628,False
456,0.0028419999998732237,-4.233333333333333,100.00020323768628,False
457,0.001623000000108732,4.9411764705882355,100.00020323768628,False
458,0.0016250000007858034,4.9411764705882355,100.00020323768628,False
459,0.001457000000300468,5.733333333333333,100.00020323768628,False
460,0.0015560000010736985,5.3125,100.00020323768628,False
461,0.003049999999348074,-0.9375,100.00020323768628,False
462,0.0014769999997952254,5.733333333333333,100.00020323768628,False
463,0.0016419999992649537,4.9411764705882355,100.00020323768628,False
464,0.0014460000002145534,5.733333333333333,100.00020323768628,False
465,0.0015390000007755589,5.3125,100.00020323768628,False
466,0.0014460000002145534,5.733333333333333,100.00020323768628,False
467,0.0030429999987973133,-4.03125,100.00020323768628,False
468,0.001476000001275679,5.733333333333333,100.00020323768628,False
469,0.0018209999998362036,4.315789473684211,100.00020323768628,False
470,0.0014460000002145534,5.733333333333333,100.00020323768628,False
471,0.0026659999984985916,-0.9285714285714286,100.00020323768628,False
472,0.0014740000005986076,5.733333333333333,100.00020323768628,False
473,0.001471999999921536,5.733333333333333,100.00020323768628,False
474,0.0014510000000882428,5.733333333333333,100.00020323768628,False
475,0.0018299999992450466,4.315789473684211,100.00020323768628,False
476,0.0016359999990527285,4.9411764705882355,100.00020323768628,False
477,0.00145400000110385,5.733333333333333,100.00020323768628,False
478,0.001443999999537482,5.733333333333333,100.00020323768628,False
479,0.0014460000002145534,5.733333333333333,100.00020323768628,False
480,0.0014479999990726355,5.733333333333333,100.00020323768628,False
481,0.0016299999988405034,4.9411764705882355,100.00020323768628,False
482,0.0016350000005331822,4.9411764705882355,100.00020323768628,False
483,0.0014489999994111713,5.733333333333333,100.00020323768628,False
484,0.0020129999993514502,-0.9047619047619048,100.00020323768628,False
485,0.002667999999175663,-0.9285714285714286,100.00020323768628,False
486,0.0016569999988860218,4.9411764705882355,100.00020323768628,False
487,0.0017380000008415664,4.611111111111111,100.00020323768628,False
488,0.0014549999996233964,5.733333333333333,100.00020323768628,False
489,0.0017210000005434267,4.9411764705882355,100.00020323768628,False
490,0.0037069999998493586,-0.9487179487179487,100.00020323768628,False
491,0.001449999999749707,5.733333333333333,100.00020323768628,False
492,0.001441000000340864,5.733333333333333,100.00020323768628,False
493,0.0015390000007755589,5.3125,100.00020323768628,False
494,0.0015419999999721767,5.3125,100.00020323768628,False
495,0.0014470000005530892,5.733333333333333,100.00020323768628,False
496,0.0014740000005986076,5.733333333333333,100.00020323768628,False
497,0.0022160000007716008,5.733333333333333,100.00020323768628,False
498,0.002996999999595573,5.733333333333333,100.00020323768628,False
499,0.0028120000006310875,5.733333333333333,100.00020323768628,False
500,0.0024610000000393484,5.733333333333333,100.00020323768628,False
501,0.0018939999990834622,5.733333333333333,100.00020323768628,False
502,0.0018119999986083712,4.315789473684211,100.00020323768628,False
503,0.0014400000000023283,5.733333333333333,100.00020323768628,False
504,0.0017050000005838228,4.9411764705882355,100.00020323768628,False
505,0.0014400000000023283,5.733333333333333,100.00020323768628,False
506,0.0019059999995079124,4.05,100.00020323768628,False
507,0.0016410000007454073,4.9411764705882355,100.00020323768628,False
508,0.001441000000340864,5.733333333333333,100.00020323768628,False
509,0.0018209999998362036,4.315789473684211,100.00020323768628,False
510,0.001435000000128639,5.733333333333333,100.00020323768628,False
511,0.0039550000001327135,-3.3095238095238093,100.00020323768628,False
512,0.002451999998811516,-0.9230769230769231,100.00020323768628,False
513,0.001532000000224798,5.3125,100.00020323768628,False
514,0.0014319999991130317,5.733333333333333,100.00020323768628,False
515,0.002935000000434229,-0.9354838709677419,100.00020323768628,False
516,0.0015280000006896444,5.3125,100.00020323768628,False
517,0.0014470000005530892,5.733333333333333,100.00020323768628,False
518,0.0014370000008057104,5.733333333333333,100.00020323768628,False
519,0.001449999999749707,5.733333333333333,100.00020323768628,False
520,0.0014389999996637926,5.733333333333333,100.00020323768628,False
521,0.0014319999991130317,5.733333333333333,100.00020323768628,False
522,0.001905000000988366,-0.9,100.00020323768628,False
523,0.001441000000340864,5.733333333333333,100.00020323768628,False
524,0.002458999999362277,-0.9230769230769231,100.00020323768628,False
525,0.0014460000002145534,5.733333333333333,100.00020323768628,False
526,0.001441000000340864,5.733333333333333,100.00020323768628,False
527,0.0014389999996637926,5.733333333333333,100.00020323768628,False
528,0.00443000000086613,-3.0638297872340425,100.00020323768628,False
529,0.0015699999985372415,-0.875,100.00020323768628,False
530,0.0014380000011442462,5.733333333333333,100.00020323768628,False
531,0.0016329999998561107,4.9411764705882355,100.00020323768628,False
532,0.0016259999993053498,4.9411764705882355,100.00020323768628,False
533,0.0015349999994214159,5.3125,100.00020323768628,False
534,0.0019030000003112946,4.05,100.00020323768628,False
535,0.0016269999996438855,4.9411764705882355,100.00020323768628,False
536,0.002466999998432584,-0.9230769230769231,100.00020323768628,False
537,0.0026579999994282844,-0.9285714285714286,100.00020323768628,False
538,0.0016219999997701962,4.9411764705882355,100.00020323768628,False
539,0.0016350000005331822,4.9411764705882355,100.00020323768628,False
540,0.0015469999998458661,-0.875,100.00020323768628,False
541,0.0019090000005235197,-0.9,100.00020323768628,False
542,0.0016279999999824213,4.9411764705882355,100.00020323768628,False
543,0.0015299999995477265,5.3125,100.00020323768628,False
544,0.0014469999987340998,5.733333333333333,100.00020323768628,False
545,0.0016429999996034894,4.9411764705882355,100.00020323768628,False
546,0.0014380000011442462,5.733333333333333,100.00020323768628,False
547,0.003049000000828528,-0.9375,100.00020323768628,False
548,0.0014389999996637926,5.733333333333333,100.00020323768628,False
549,0.0014379999993252568,5.733333333333333,100.00020323768628,False
550,0.001448000000891625,5.733333333333333,100.00020323768628,False
551,0.001441000000340864,5.733333333333333,100.00020323768628,False
552,0.0014380000011442462,5.733333333333333,100.00020323768628,False
553,0.0016569999988860218,4.9411764705882355,100.00020323768628,False
554,0.001443999999537482,5.733333333333333,100.00020323768628,False
555,0.0014510000000882428,5.733333333333333,100.00020323768628,False
556,0.002752999998847372,-0.9310344827586207,100.00020323768628,False
557,0.001435000000128639,5.733333333333333,100.00020323768628,False
558,0.0014449999998760177,5.733333333333333,100.00020323768628,False
559,0.008158000000548782,-0.9770114942528736,100.00020323768628,False
560,0.0014959999989514472,5.733333333333333,100.00020323768628,False
561,0.0014639999990322394,5.733333333333333,100.00020323768628,False
562,0.005585999999311753,-2.6440677966101696,100.00020323768628,False
563,0.0014389999996637926,5.733333333333333,100.00020323768628,False
564,0.0016190000005735783,4.9411764705882355,100.00020323768628,False
565,0.0017059999991033692,4.9411764705882355,100.00020323768628,False
566,0.0016169999998965068,4.9411764705882355,100.00020323768628,False
567,0.0016169999998965068,4.9411764705882355,100.00020323768628,False
568,0.0017209999987244373,4.611111111111111,100.00020323768628,False
569,0.0014429999991989462,5.733333333333333,100.00020323768628,False
570,0.0050890000002254965,-0.9629629629629629,100.00020323768628,False
571,0.001631999999517575,4.9411764705882355,100.00020323768628,False
572,0.001435000000128639,5.733333333333333,100.00020323768628,False
573,0.0019290000000182772,-5.85,100.00020323768628,False
574,0.0014329999994515674,5.733333333333333,100.00020323768628,False
575,0.0016190000005735783,4.9411764705882355,100.00020323768628,False
576,0.0018979999986186158,4.05,100.00020323768628,False
577,0.0015220000004774192,5.3125,100.00020323768628,False
578,0.0014510000000882428,5.733333333333333,100.00020323768628,False
579,0.0014379999993252568,5.733333333333333,100.00020323768628,False
580,0.0014379999993252568,5.733333333333333,100.00020323768628,False
581,0.001629000000320957,4.9411764705882355,100.00020323768628,False
582,0.0014400000000023283,5.733333333333333,100.00020323768628,False
583,0.0014780000001337612,5.733333333333333,100.00020323768628,False
584,0.0015330000005633337,5.3125,100.00020323768628,False
585,0.0029389999999693828,-0.9354838709677419,100.00020323768628,False
586,0.001629000000320957,4.9411764705882355,100.00020323768628,False
587,0.001658000001043547,-0.875,100.00020323768628,False
588,0.001834999999118736,-0.8947368421052632,100.00020323768628,False
589,0.0016219999997701962,4.9411764705882355,100.00020323768628,False
590,0.0017169999991892837,-0.8888888888888888,100.00020323768628,False
591,0.0016240000004472677,4.9411764705882355,100.00020323768628,False
592,0.0014389999996637926,5.733333333333333,100.00020323768628,False
593,0.0014380000011442462,5.733333333333333,100.00020323768628,False
594,0.001441000000340864,5.733333333333333,100.00020323768628,False
595,0.0016199999990931246,4.9411764705882355,100.00020323768628,False
596,0.0018189999991591321,4.315789473684211,100.00020323768628,False
597,0.0034899999991466757,-0.9459459459459459,100.00020323768628,False
598,0.0014379999993252568,5.733333333333333,100.00020323768628,False
599,0.0016269999996438855,4.9411764705882355,100.00020323768628,False
600,0.001627000001462875,4.9411764705882355,100.00020323768628,False
601,0.001443999999537482,5.733333333333333,100.00020323768628,False
602,0.0019159999992552912,4.05,100.00020323768628,False
603,0.0016169999998965068,4.9411764705882355,100.00020323768628,False
604,0.0014300000002549496,5.733333333333333,100.00020323768628,False
605,0.0014339999997901032,5.733333333333333,100.00020323768628,False
606,0.0015389999989565695,5.3125,100.00020323768628,False
607,0.0014530000007653143,5.733333333333333,100.00020323768628,False
608,0.0014339999997901032,5.733333333333333,100.00020323768628,False
609,0.001432000000932021,5.733333333333333,100.00020323768628,False
610,0.0014339999997901032,5.733333333333333,100.00020323768628,False
611,0.0014339999997901032,5.733333333333333,100.00020323768628,False
612,0.0015239999993355013,5.3125,100.00020323768628,False
613,0.001975999999558553,5.733333333333333,100.00020323768628,False
614,0.0019480000009934884,4.315789473684211,100.00020323768628,False
615,0.0026579999994282844,-0.9285714285714286,100.00020323768628,False
616,0.0014370000008057104,5.733333333333333,100.00020323768628,False
617,0.0014379999993252568,5.733333333333333,100.00020323768628,False
618,0.0014359999986481853,5.733333333333333,100.00020323768628,False
619,0.0016390000000683358,4.9411764705882355,100.00020323768628,False
620,0.0018280000003869645,-0.8947368421052632,100.00020323768628,False
621,0.0014389999996637926,5.733333333333333,100.00020323768628,False
622,0.0015299999995477265,5.3125,100.00020323768628,False
623,0.0014360000004671747,5.733333333333333,100.00020323768628,False
624,0.0014740000005986076,5.733333333333333,100.00020323768628,False
625,0.0016359999990527285,4.9411764705882355,100.00020323768628,False
626,0.00395100000059756,-0.9523809523809523,100.00020323768628,False
627,0.0020920000006299233,3.590909090909091,100.00020323768628,False
628,0.00181700000030105,4.315789473684211,100.00020323768628,False
629,0.0016240000004472677,4.9411764705882355,100.00020323768628,False
630,0.0014420000006793998,5.733333333333333,100.00020323768628,False
631,0.001894999999421998,-5.85,100.00020323768628,False
632,0.001427999999577878,5.733333333333333,100.00020323768628,False
633,0.0014340000016090926,5.733333333333333,100.00020323768628,False
634,0.001427999999577878,5.733333333333333,100.00020323768628,False
635,0.0019970000012108358,3.8095238095238093,100.00020323768628,False
636,0.0018060000002151355,4.315789473684211,100.00020323768628,False
637,0.0014339999997901032,5.733333333333333,100.00020323768628,False
638,0.0016369999993912643,4.9411764705882355,100.00020323768628,False
639,0.0014380000011442462,5.733333333333333,100.00020323768628,False
640,0.0072619999991729856,-3.5454545454545454,100.00020323768628,False
641,0.0015200000016193371,5.733333333333333,100.00020323768628,False
642,0.0016260000011243392,4.9411764705882355,100.00020323768628,False
643,0.0016340000001946464,4.9411764705882355,100.00020323768628,False
644,0.004437999999936437,-3.8529411764705883,100.00020323768628,False
645,0.0029680000006919727,5.733333333333333,100.00020323768628,False
646,0.002983000000313041,4.9411764705882355,100.00020323768628,False
647,0.0021719999986089533,5.733333333333333,100.00020323768628,False
648,0.00174200000037672,5.733333333333333,100.00020323768628,False
649,0.0021189999988564523,-0.9090909090909091,100.00020323768628,False
650,0.002473999998983345,-0.9230769230769231,100.00020323768628,False
651,0.0014420000006793998,5.733333333333333,100.00020323768628,False
652,0.002470999999786727,-0.9230769230769231,100.00020323768628,False
653,0.0015340000009018695,5.3125,100.00020323768628,False
654,0.0014400000000023283,5.733333333333333,100.00020323768628,False
655,0.001728999999613734,4.611111111111111,100.00020323768628,False
656,0.00284299999839277,-0.9333333333333333,100.00020323768628,False
657,0.0014430000010179356,5.733333333333333,100.00020323768628,False
658,0.0014370000008057104,5.733333333333333,100.00020323768628,False
659,0.0029479999993782258,-0.9354838709677419,100.00020323768628,False
660,0.0014670000000478467,5.733333333333333,100.00020323768628,False
661,0.0014440000013564713,5.733333333333333,100.00020323768628,False
662,0.0017229999994015088,-0.8888888888888888,100.00020323768628,False
663,0.0014419999988604104,5.733333333333333,100.00020323768628,False
664,0.0017399999996996485,4.611111111111111,100.00020323768628,False
665,0.0017209999987244373,4.611111111111111,100.00020323768628,False
666,0.0026649999999790452,-0.9285714285714286,100.00020323768628,False
667,0.0014470000005530892,5.733333333333333,100.00020323768628,False
668,0.00262999999904423,4.9411764705882355,100.00020323768628,False
669,0.0015229999989969656,5.733333333333333,100.00020323768628,False
670,0.001720000000204891,4.9411764705882355,100.00020323768628,False
671,0.0018549999986134935,5.733333333333333,100.00020323768628,False
672,0.0016079999986686744,5.3125,100.00020323768628,False
673,0.0016429999996034894,4.9411764705882355,100.00020323768628,False
674,0.0014419999988604104,5.733333333333333,100.00020323768628,False
675,0.0014419999988604104,5.733333333333333,100.00020323768628,False
676,0.0016329999998561107,4.9411764705882355,100.00020323768628,False
677,0.0014430000010179356,5.733333333333333,100.00020323768628,False
678,0.001833000000260654,4.315789473684211,100.00020323768628,False
679,0.0015419999999721767,5.3125,100.00020323768628,False
680,0.001721999999062973,-0.8888888888888888,100.00020323768628,False
681,0.0016310000009980286,4.9411764705882355,100.00020323768628,False
682,0.001443999999537482,5.733333333333333,100.00020323768628,False
683,0.0016439999999420252,4.9411764705882355,100.00020323768628,False
684,0.0016479999994771788,4.9411764705882355,100.00020323768628,False
685,0.0015440000006492482,5.3125,100.00020323768628,False
686,0.0014400000000023283,5.733333333333333,100.00020323768628,False
687,0.0016329999998561107,4.9411764705882355,100.00020323768628,False
688,0.0014489999994111713,5.733333333333333,100.00020323768628,False
689,0.001435000000128639,5.733333333333333,100.00020323768628,False
690,0.001629000000320957,4.9411764705882355,100.00020323768628,False
691,0.0014430000010179356,5.733333333333333,100.00020323768628,False
692,0.001443999999537482,5.733333333333333,100.00020323768628,False
693,0.0014389999996637926,5.733333333333333,100.00020323768628,False
694,0.0015530000000580912,5.3125,100.00020323768628,False
695,0.002884999999878346,-0.9333333333333333,100.00020323768628,False
696,0.0015260000000125729,5.733333333333333,100.00020323768628,False
697,0.0018159999999625143,-0.8947368421052632,100.00020323768628,False
698,0.0014780000001337612,5.733333333333333,100.00020323768628,False
699,0.0014429999991989462,5.733333333333333,100.00020323768628,False
700,0.001449999999749707,5.733333333333333,100.00020323768628,False
701,0.0014449999998760177,5.733333333333333,100.00020323768628,False
702,0.0014420000006793998,5.733333333333333,100.00020323768628,False
703,0.0014460000002145534,5.733333333333333,100.00020323768628,False
704,0.001441000000340864,5.733333333333333,100.00020323768628,False
705,0.001629000000320957,4.9411764705882355,100.00020323768628,False
706,0.001441000000340864,5.733333333333333,100.00020323768628,False
707,0.0014380000011442462,5.733333333333333,100.00020323768628,False
708,0.0014470000005530892,5.733333333333333,100.00020323768628,False
709,0.0014639999990322394,5.733333333333333,100.00020323768628,False
710,0.0014649999993707752,5.733333333333333,100.00020323768628,False
711,0.0016340000001946464,4.9411764705882355,100.00020323768628,False
712,0.0015289999992091907,5.3125,100.00020323768628,False
713,0.001448000000891625,5.733333333333333,100.00020323768628,False
714,0.002764000000752276,-0.9310344827586207,100.00020323768628,False
715,0.00181700000030105,-0.8947368421052632,100.00020323768628,False
716,0.0014429999991989462,5.733333333333333,100.00020323768628,False
717,0.0014400000000023283,5.733333333333333,100.00020323768628,False
718,0.007084000000759261,-0.9733333333333334,100.00020323768628,False
719,0.0014680000003863825,5.733333333333333,100.00020323768628,False
720,0.0016350000005331822,4.9411764705882355,100.00020323768628,False
721,0.0014460000002145534,5.733333333333333,100.00020323768628,False
722,0.0014429999991989462,5.733333333333333,100.00020323768628,False
723,0.0014419999988604104,5.733333333333333,100.00020323768628,False
724,0.0014389999996637926,5.733333333333333,100.00020323768628,False
725,0.003205000000889413,-3.9393939393939394,100.00020323768628,False
726,0.00575100000060047,-2.5901639344262297,100.00020323768628,False
727,0.0014489999994111713,5.733333333333333,100.00020323768628,False
728,0.001448000000891625,5.733333333333333,100.00020323768628,False
729,0.0014539999992848607,5.733333333333333,100.00020323768628,False
730,0.0018169999984820606,4.315789473684211,100.00020323768628,False
731,0.001441000000340864,5.733333333333333,100.00020323768628,False
732,0.0016329999998561107,4.9411764705882355,100.00020323768628,False
733,0.001443999999537482,5.733333333333333,100.00020323768628,False
734,0.0014510000000882428,5.733333333333333,100.00020323768628,False
735,0.0014460000002145534,5.733333333333333,100.00020323768628,False
736,0.0016389999982493464,4.9411764705882355,100.00020323768628,False
737,0.0014500000015686965,5.733333333333333,100.00020323768628,False
738,0.0018180000006395858,-0.8947368421052632,100.00020323768628,False
739,0.0014490000012301607,5.733333333333333,100.00020323768628,False
740,0.0014639999990322394,5.733333333333333,100.00020323768628,False
741,0.0014709999995830003,5.733333333333333,100.00020323768628,False
742,0.0014690000007249182,5.733333333333333,100.00020323768628,False
743,0.0014440000013564713,5.733333333333333,100.00020323768628,False
744,0.0014620000001741573,5.733333333333333,100.00020323768628,False
745,0.0015419999999721767,5.3125,100.00020323768628,False
746,0.0015400000011140946,5.3125,100.00020323768628,False
747,0.0014409999985218747,5.733333333333333,100.00020323768628,False
748,0.0017179999995278195,4.611111111111111,100.00020323768628,False
749,0.0015330000005633337,-0.875,100.00020323768628,False
750,0.001720000000204891,-0.8888888888888888,100.00020323768628,False
751,0.001623000000108732,4.9411764705882355,100.00020323768628,False
752,0.001441000000340864,5.733333333333333,100.00020323768628,False
753,0.0014400000000023283,5.733333333333333,100.00020323768628,False
754,0.0014400000000023283,5.733333333333333,100.00020323768628,False
755,0.00145400000110385,5.733333333333333,100.00020323768628,False
756,0.0014649999993707752,5.733333333333333,100.00020323768628,False
757,0.001726000000417116,4.611111111111111,100.00020323768628,False
758,0.007724999999481952,-0.975609756097561,100.00020323768628,False
759,0.001441000000340864,5.733333333333333,100.00020323768628,False
760,0.0014379999993252568,5.733333333333333,100.00020323768628,False
761,0.0014389999996637926,5.733333333333333,100.00020323768628,False
762,0.0014639999990322394,5.733333333333333,100.00020323768628,False
763,0.0015419999999721767,5.3125,100.00020323768628,False
764,0.0014640000008512288,5.733333333333333,100.00020323768628,False
765,0.0014649999993707752,5.733333333333333,100.00020323768628,False
766,0.002929000000222004,-0.9354838709677419,100.00020323768628,False
767,0.0014490000012301607,5.733333333333333,100.00020323768628,False
768,0.0014420000006793998,5.733333333333333,100.00020323768628,False
769,0.0014460000002145534,5.733333333333333,100.00020323768628,False
770,0.001463000000512693,5.733333333333333,100.00020323768628,False
771,0.0016279999999824213,4.9411764705882355,100.00020323768628,False
772,0.0014539999992848607,5.733333333333333,100.00020323768628,False
773,0.001441000000340864,5.733333333333333,100.00020323768628,False
774,0.001441000000340864,5.733333333333333,100.00020323768628,False
775,0.003598999999667285,-0.9473684210526315,100.00020323768628,False
776,0.0014460000002145534,5.733333333333333,100.00020323768628,False
777,0.0014670000000478467,5.733333333333333,100.00020323768628,False
778,0.0014389999996637926,5.733333333333333,100.00020323768628,False
779,0.0014460000002145534,5.733333333333333,100.00020323768628,False
780,0.0014440000013564713,5.733333333333333,100.00020323768628,False
781,0.0014479999990726355,5.733333333333333,100.00020323768628,False
782,0.0014579999988200143,5.733333333333333,100.00020323768628,False
783,0.0019220000012865057,4.05,100.00020323768628,False
784,0.001540999999633641,5.3125,100.00020323768628,False
785,0.0015399999992951052,5.3125,100.00020323768628,False
786,0.0014449999998760177,5.733333333333333,100.00020323768628,False
787,0.0017339999994874233,4.611111111111111,100.00020323768628,False
788,0.0016269999996438855,4.9411764705882355,100.00020323768628,False
789,0.0014670000000478467,5.733333333333333,100.00020323768628,False
790,0.0017520000001240987,4.611111111111111,100.00020323768628,False
791,0.0014389999996637926,5.733333333333333,100.00020323768628,False
792,0.0014549999996233964,5.733333333333333,100.00020323768628,False
793,0.010833000000275206,-0.9826086956521739,100.00020323768628,False
794,0.0014500000015686965,5.733333333333333,100.00020323768628,False
795,0.0014549999996233964,5.733333333333333,100.00020323768628,False
796,0.0014420000006793998,5.733333333333333,100.00020323768628,False
797,0.0015359999997599516,5.3125,100.00020323768628,False
798,0.0015419999999721767,5.3125,100.00020323768628,False
799,0.00145899999915855,5.733333333333333,100.00020323768628,False
800,0.0014429999991989462,5.733333333333333,100.00020323768628,False
801,0.0015390000007755589,5.3125,100.00020323768628,False
802,0.0015240000011544907,5.733333333333333,100.00020323768628,False
803,0.0014699999992444646,5.733333333333333,100.00020323768628,False
804,0.0014479999990726355,5.733333333333333,100.00020323768628,False
805,0.0016279999999824213,4.9411764705882355,100.00020323768628,False
806,0.0014520000004267786,5.733333333333333,100.00020323768628,False
807,0.0014539999992848607,5.733333333333333,100.00020323768628,False
808,0.001642000001083943,4.9411764705882355,100.00020323768628,False
809,0.0014449999998760177,5.733333333333333,100.00020323768628,False
810,0.0014470000005530892,5.733333333333333,100.00020323768628,False
811,0.001441000000340864,5.733333333333333,100.00020323768628,False
812,0.0022420000004785834,5.733333333333333,100.00020323768628,False
813,0.001900999999634223,5.3125,100.00020323768628,False
814,0.0015239999993355013,5.733333333333333,100.00020323768628,False
815,0.001633999998375657,4.9411764705882355,100.00020323768628,False
816,0.0016300000006594928,4.9411764705882355,100.00020323768628,False
817,0.0015399999992951052,5.3125,100.00020323768628,False
818,0.0027639999989332864,-0.9310344827586207,100.00020323768628,False
819,0.004092000001037377,-3.255813953488372,100.00020323768628,False
820,0.0039020000003802124,-0.9512195121951219,100.00020323768628,False
821,0.0016479999994771788,5.3125,100.00020323768628,False
822,0.001449999999749707,5.733333333333333,100.00020323768628,False
823,0.0014449999998760177,5.733333333333333,100.00020323768628,False
824,0.0014520000004267786,5.733333333333333,100.00020323768628,False
825,0.0014319999991130317,5.733333333333333,100.00020323768628,False
826,0.001435000000128639,5.733333333333333,100.00020323768628,False
827,0.0017169999991892837,-0.8888888888888888,100.00020323768628,False
828,0.0026519999992160592,-0.9285714285714286,100.00020323768628,False
829,0.009559000000081141,-0.9801980198019802,100.00020323768628,False
830,0.0014449999998760177,5.733333333333333,100.00020323768628,False
831,0.0016259999993053498,4.9411764705882355,100.00020323768628,False
832,0.0014470000005530892,5.733333333333333,100.00020323768628,False
833,0.0014440000013564713,5.733333333333333,100.00020323768628,False
834,0.0015440000006492482,5.3125,100.00020323768628,False
835,0.001457000000300468,5.733333333333333,100.00020323768628,False
836,0.0016350000005331822,4.9411764705882355,100.00020323768628,False
837,0.0028020000008837087,-0.9285714285714286,100.00020323768628,False
838,0.00315500000033353,-3.9393939393939394,100.00020323768628,False
839,0.0015930000008665957,5.733333333333333,100.00020323768628,False
840,0.0016359999990527285,4.9411764705882355,100.00020323768628,False
841,0.0016519999990123324,4.9411764705882355,100.00020323768628,False
842,0.0016310000009980286,-0.8823529411764706,100.00020323768628,False
843,0.001443999999537482,5.733333333333333,100.00020323768628,False
844,0.0016419999992649537,4.9411764705882355,100.00020323768628,False
845,0.0024759999996604165,-0.9230769230769231,100.00020323768628,False
846,0.0016309999991790392,4.9411764705882355,100.00020323768628,False
847,0.0017230000012204982,4.611111111111111,100.00020323768628,False
848,0.0014549999996233964,5.733333333333333,100.00020323768628,False
849,0.0014420000006793998,5.733333333333333,100.00020323768628,False
850,0.0014400000000023283,5.733333333333333,100.00020323768628,False
851,0.001441000000340864,5.733333333333333,100.00020323768628,False
852,0.0018329999984416645,4.315789473684211,100.00020323768628,False
853,0.012063000000125612,-0.984375,100.00020323768628,False
854,0.0014389999996637926,5.733333333333333,100.00020323768628,False
855,0.0014359999986481853,5.733333333333333,100.00020323768628,False
856,0.001436999998986721,5.733333333333333,100.00020323768628,False
857,0.0017150000003312016,4.611111111111111,100.00020323768628,False
858,0.0014430000010179356,5.733333333333333,100.00020323768628,False
859,0.0014360000004671747,5.733333333333333,100.00020323768628,False
860,0.001435000000128639,5.733333333333333,100.00020323768628,False
861,0.0016489999998157145,4.9411764705882355,100.00020323768628,False
862,0.001435000000128639,5.733333333333333,100.00020323768628,False
863,0.001441000000340864,5.733333333333333,100.00020323768628,False
864,0.0014449999998760177,5.733333333333333,100.00020323768628,False
865,0.0014339999997901032,5.733333333333333,100.00020323768628,False
866,0.001633999998375657,4.9411764705882355,100.00020323768628,False
867,0.0015280000006896444,5.733333333333333,100.00020323768628,False
868,0.001457000000300468,5.733333333333333,100.00020323768628,False
869,0.0014489999994111713,5.733333333333333,100.00020323768628,False
870,0.00145400000110385,5.733333333333333,100.00020323768628,False
871,0.0014460000002145534,5.733333333333333,100.00020323768628,False
872,0.0014520000004267786,5.733333333333333,100.00020323768628,False
873,0.0016369999993912643,4.9411764705882355,100.00020323768628,False
874,0.0015280000006896444,5.3125,100.00020323768628,False
875,0.0014339999997901032,5.733333333333333,100.00020323768628,False
876,0.0025610000011511147,-0.9259259259259259,100.00020323768628,False
877,0.0014409999985218747,5.733333333333333,100.00020323768628,False
878,0.0014460000002145534,5.733333333333333,100.00020323768628,False
879,0.001908000000184984,4.05,100.00020323768628,False
880,0.0016190000005735783,4.9411764705882355,100.00020323768628,False
881,0.0014289999999164138,5.733333333333333,100.00020323768628,False
882,0.0029199999989941716,-0.9354838709677419,100.00020323768628,False
883,0.0014310000005934853,5.733333333333333,100.00020323768628,False
884,0.0016150000010384247,4.9411764705882355,100.00020323768628,False
885,0.0014249999985622708,5.733333333333333,100.00020323768628,False
886,0.001441000000340864,5.733333333333333,100.00020323768628,False
887,0.002177000000301632,-0.9130434782608695,100.00020323768628,False
888,0.0014319999991130317,5.733333333333333,100.00020323768628,False
889,0.0014289999999164138,5.733333333333333,100.00020323768628,False
890,0.001435000000128639,5.733333333333333,100.00020323768628,False
891,0.0014470000005530892,5.733333333333333,100.00020323768628,False
892,0.0014430000010179356,5.733333333333333,100.00020323768628,False
893,0.001524999999674037,5.3125,100.00020323768628,False
894,0.0014380000011442462,5.733333333333333,100.00020323768628,False
895,0.0014389999996637926,5.733333333333333,100.00020323768628,False
896,0.0014380000011442462,5.733333333333333,100.00020323768628,False
897,0.0014420000006793998,5.733333333333333,100.00020323768628,False
898,0.001435000000128639,5.733333333333333,100.00020323768628,False
899,0.0014470000005530892,5.733333333333333,100.00020323768628,False
900,0.0014339999997901032,5.733333333333333,100.00020323768628,False
901,0.0016250000007858034,4.9411764705882355,100.00020323768628,False
902,0.0014460000002145534,5.733333333333333,100.00020323768628,False
903,0.0014349999983096495,5.733333333333333,100.00020323768628,False
904,0.001427999999577878,5.733333333333333,100.00020323768628,False
905,0.0014240000000427244,5.733333333333333,100.00020323768628,False
906,0.0014329999994515674,5.733333333333333,100.00020323768628,False
907,0.001435000000128639,5.733333333333333,100.00020323768628,False
908,0.0019969999993918464,3.8095238095238093,100.00020323768628,False
909,0.0014389999996637926,5.733333333333333,100.00020323768628,False
910,0.0014380000011442462,5.733333333333333,100.00020323768628,False
911,0.0016139999988808995,4.9411764705882355,100.00020323768628,False
912,0.0014339999997901032,5.733333333333333,100.00020323768628,False
913,0.001480999999330379,5.733333333333333,100.00020323768628,False
914,0.0014310000005934853,5.733333333333333,100.00020323768628,False
915,0.0014389999996637926,5.733333333333333,100.00020323768628,False
916,0.0014339999997901032,5.733333333333333,100.00020323768628,False
917,0.0019090000005235197,4.05,100.00020323768628,False
918,0.0014470000005530892,5.733333333333333,100.00020323768628,False
919,0.0014379999993252568,5.733333333333333,100.00020323768628,False
920,0.0014360000004671747,5.733333333333333,100.00020323768628,False
921,0.0014310000005934853,5.733333333333333,100.00020323768628,False
922,0.001427999999577878,5.733333333333333,100.00020323768628,False
923,0.0014360000004671747,5.733333333333333,100.00020323768628,False
924,0.0014339999997901032,5.733333333333333,100.00020323768628,False
925,0.004211999999824911,-0.9545454545454546,100.00020323768628,False
926,0.0016169999998965068,4.9411764705882355,100.00020323768628,False
927,0.0014370000008057104,5.733333333333333,100.00020323768628,False
928,0.001436999998986721,5.733333333333333,100.00020323768628,False
929,0.0014370000008057104,5.733333333333333,100.00020323768628,False
930,0.0014339999997901032,5.733333333333333,100.00020323768628,False
931,0.0016190000005735783,4.9411764705882355,100.00020323768628,False
932,0.001435000000128639,5.733333333333333,100.00020323768628,False
933,0.0016479999994771788,4.9411764705882355,100.00020323768628,False
934,0.0017079999997804407,4.611111111111111,100.00020323768628,False
935,0.0014289999999164138,5.733333333333333,100.00020323768628,False
936,0.0027280000012979144,-0.9310344827586207,100.00020323768628,False
937,0.0014339999997901032,5.733333333333333,100.00020323768628,False
938,0.001803999999538064,-0.8947368421052632,100.00020323768628,False
939,0.0014300000002549496,5.733333333333333,100.00020323768628,False
940,0.0014329999994515674,5.733333333333333,100.00020323768628,False
941,0.0015340000009018695,5.733333333333333,100.00020323768628,False
942,0.0026560000005702022,-0.9285714285714286,100.00020323768628,False
943,0.0014400000000023283,5.733333333333333,100.00020323768628,False
944,0.0016369999993912643,4.9411764705882355,100.00020323768628,False
945,0.001443999999537482,5.733333333333333,100.00020323768628,False
946,0.0014449999998760177,5.733333333333333,100.00020323768628,False
947,0.0014510000000882428,5.733333333333333,100.00020323768628,False
948,0.0017229999994015088,4.611111111111111,100.00020323768628,False
949,0.0014419999988604104,5.733333333333333,100.00020323768628,False
950,0.0014360000004671747,5.733333333333333,100.00020323768628,False
951,0.0014359999986481853,5.733333333333333,100.00020323768628,False
952,0.0014360000004671747,5.733333333333333,100.00020323768628,False
953,0.0014389999996637926,5.733333333333333,100.00020323768628,False
954,0.0014400000000023283,5.733333333333333,100.00020323768628,False
955,0.003215999999156338,-0.9411764705882353,100.00020323768628,False
956,0.0014419999988604104,5.733333333333333,100.00020323768628,False
957,0.0016279999999824213,4.9411764705882355,100.00020323768628,False
958,0.0014379999993252568,5.733333333333333,100.00020323768628,False
959,0.0014389999996637926,5.733333333333333,100.00020323768628,False
960,0.0014420000006793998,5.733333333333333,100.00020323768628,False
961,0.0014400000000023283,5.733333333333333,100.00020323768628,False
962,0.0014470000005530892,5.733333333333333,100.00020323768628,False
963,0.0014430000010179356,5.733333333333333,100.00020323768628,False
964,0.0014360000004671747,5.733333333333333,100.00020323768628,False
965,0.001523000000815955,5.3125,100.00020323768628,False
966,0.001435000000128639,5.733333333333333,100.00020323768628,False
967,0.0014389999996637926,5.733333333333333,100.00020323768628,False
968,0.001465999999709311,5.733333333333333,100.00020323768628,False
969,0.0014440000013564713,5.733333333333333,100.00020323768628,False
970,0.001436999998986721,5.733333333333333,100.00020323768628,False
971,0.0014339999997901032,5.733333333333333,100.00020323768628,False
972,0.003964999999880092,-0.9523809523809523,100.00020323768628,False
973,0.0016250000007858034,4.9411764705882355,100.00020323768628,False
974,0.0016320000013365643,4.9411764705882355,100.00020323768628,False
975,0.0014340000016090926,5.733333333333333,100.00020323768628,False
976,0.0014380000011442462,5.733333333333333,100.00020323768628,False
977,0.0014430000010179356,5.733333333333333,100.00020323768628,False
978,0.0014419999988604104,5.733333333333333,100.00020323768628,False
979,0.001527999998870655,-0.875,100.00020323768628,False
980,0.001435000000128639,5.733333333333333,100.00020323768628,False
981,0.0014339999997901032,5.733333333333333,100.00020323768628,False
982,0.0014360000004671747,5.733333333333333,100.00020323768628,False
983,0.0014429999991989462,5.733333333333333,100.00020323768628,False
984,0.003764999999475549,-0.95,100.00020323768628,False
985,0.0014379999993252568,5.733333333333333,100.00020323768628,False
986,0.0018060000002151355,4.315789473684211,100.00020323768628,False
987,0.0014740000005986076,5.733333333333333,100.00020323768628,False
988,0.0014329999994515674,5.733333333333333,100.00020323768628,False
989,0.0014289999999164138,5.733333333333333,100.00020323768628,False
990,0.0014319999991130317,5.733333333333333,100.00020323768628,False
991,0.001435000000128639,5.733333333333333,100.00020323768628,False
992,0.0014470000005530892,5.733333333333333,100.00020323768628,False
993,0.0014360000004671747,5.733333333333333,100.00020323768628,False
994,0.0014470000005530892,5.733333333333333,100.00020323768628,False
995,0.0014429999991989462,5.733333333333333,100.00020323768628,False
996,0.001443999999537482,5.733333333333333,100.00020323768628,False
997,0.0014300000002549496,5.733333333333333,100.00020323768628,False
998,0.0014769999997952254,5.733333333333333,100.00020323768628,False
999,0.0014389999996637926,5.733333333333333,100.00020323768628,False
1000,0.0014449999998760177,5.733333333333333,100.00020323768628,False
