episode,length,time,reward,delta
0,15.0,0.003368000000136817,-2.5,-1.0
1,14.0,0.002933000000211905,-2.4000000000000004,-1.0
2,33.0,0.005424999999831925,-4.300000000000002,-1.0
3,38.0,0.004130999999688356,-4.8000000000000025,-1.0
4,21.0,0.0020570000001498556,-3.1000000000000005,-1.0
5,8.0,0.0008539999998902204,-1.7999999999999998,-1.0
6,60.0,0.00562900000022637,-6.999999999999995,-1.0
7,59.0,0.005569999999806896,-6.899999999999995,-1.0
8,5.0,0.0005810000002384186,-1.5,-0.9305
9,73.0,0.0068360000000211585,-8.29999999999999,-0.89665
10,13.0,0.001528999999663938,-2.3,-1.0
11,8.0,0.0009740000000419968,-1.7999999999999998,-0.88975
12,12.0,0.0021099999999023566,-2.2,-0.92375
13,40.0,0.007196999999905529,-5.000000000000002,-1.0
14,33.0,0.004684999999881256,-4.300000000000002,-1.0
15,25.0,0.002445999999963533,-3.500000000000001,-0.85790425
16,21.0,0.0020530000001599547,-3.1000000000000005,-0.925
17,33.0,0.0031490000001213048,-4.300000000000002,-0.5
18,27.0,0.0025970000001507287,-3.700000000000001,-1.0
19,58.0,0.005447999999887543,-6.799999999999995,-1.0
20,28.0,0.002690999999686028,-3.800000000000001,-0.895
21,17.0,0.0016769999997450213,-2.7,-0.927125
22,43.0,0.004080000000158179,-5.300000000000001,-0.87425
23,47.0,0.006190999999944324,-3.6999999999999993,1.0
24,32.0,0.00310300000001007,-4.200000000000001,-0.916513775
25,32.0,0.0030650000003333844,-4.200000000000001,-0.5
26,15.0,0.001494000000093365,-2.5,-1.0
27,39.0,0.0037470000002031156,-4.900000000000002,-0.5
28,32.0,0.0030630000001110602,-4.200000000000001,-0.95
29,20.0,0.0019660000002659217,-3.0000000000000004,-0.935
30,146.0,0.013713000000279862,-13.599999999999964,1.0
31,20.0,0.001964999999927386,-3.0000000000000004,-0.4635625
32,30.0,0.0028760000000147556,-4.000000000000002,-0.8909424876953125
33,17.0,0.0016850000001795706,-2.7,-0.8855
34,22.0,0.0021299999998518615,-3.2000000000000006,-0.95
35,76.0,0.0070989999999255815,-8.599999999999989,-0.7987349549585099
36,22.0,0.002118999999765947,-3.2000000000000006,-1.0
37,30.0,0.0028630000001612643,-4.000000000000002,-0.935
38,36.0,0.003434000000197557,-4.600000000000001,-1.0
39,40.0,0.003845000000183063,-5.000000000000002,-1.0
40,34.0,0.0032390000001214503,-4.400000000000002,-0.25
41,20.0,0.0019619999998212734,-3.0000000000000004,-0.5
42,30.0,0.0028659999998126295,-4.000000000000002,-0.5
43,14.0,0.0013990000002195302,-2.4000000000000004,-0.9305
44,13.0,0.0013069999999970605,-2.3,-0.7239748049143745
45,46.0,0.00433999999995649,-5.6,-0.8725
46,30.0,0.0028699999998025305,-4.000000000000002,-0.5526680205090291
47,79.0,0.007502999999815074,-8.899999999999988,-0.46524999999999994
48,85.0,0.00797099999999773,-9.499999999999986,-0.849784375
49,12.0,0.0012149999997745908,-2.2,-0.925
50,68.0,0.006369000000177039,-7.799999999999992,-0.95
51,140.0,0.013008000000354514,-12.999999999999966,0.77
52,41.0,0.003897999999935564,-5.100000000000001,-0.869813125
53,137.0,0.01269400000001042,-14.699999999999967,-0.8889257104270434
54,85.0,0.007929999999760184,-9.499999999999986,-0.46187500000000004
55,45.0,0.004292000000077678,-5.5,-0.23262499999999997
56,12.0,0.0012240000000929285,-2.2,-0.91
57,64.0,0.006029000000125961,-7.399999999999993,-0.7502001914868399
58,82.0,0.007666999999855761,-9.199999999999987,-1.1071
59,189.0,0.017550999999912165,-19.9,-0.95
60,138.0,0.013813000000027387,-14.799999999999967,-0.85835841475
61,49.0,0.0046609999999418505,-5.899999999999999,-0.925
62,72.0,0.006776000000172644,-8.19999999999999,-0.5895030074165025
63,27.0,0.0026569999999992433,-3.700000000000001,-0.7152648474356682
64,156.0,0.020280000000184373,-16.59999999999996,-0.88171504885
65,45.0,0.00472700000000259,-5.5,-0.598024056555479
66,102.0,0.009592999999767926,-11.19999999999998,-0.91
67,54.0,0.0051720000001296285,-6.399999999999997,-0.613500358571685
68,56.0,0.005290999999942869,-6.599999999999996,-0.8305033139384339
69,36.0,0.003451000000040949,-4.600000000000001,-0.8306377803275
70,6.0,0.000665000000026339,-1.6,-0.29901202827773954
71,145.0,0.013478000000304746,-15.499999999999964,-1.0
72,60.0,0.005655999999817141,-6.999999999999995,-0.5785574106684352
73,12.0,0.001243000000158645,-2.2,-0.628453491716126
74,51.0,0.004813000000012835,-6.099999999999998,-0.6980993044780004
75,127.0,0.011876999999913096,-13.69999999999997,-0.5482438045388853
76,44.0,0.004284999999981665,-5.4,-0.49934096618401524
77,61.0,0.005763999999999214,-7.099999999999994,-0.95
78,38.0,0.003612999999859312,-2.800000000000002,1.0
79,73.0,0.006916999999702966,-8.29999999999999,-0.2892787053342176
80,64.0,0.006020000000262371,-7.399999999999993,-0.25
81,196.0,0.018246999999973923,-20.60000000000001,-1.0
82,86.0,0.00809499999968466,-9.599999999999985,-1.0
83,22.0,0.0021499999998013664,-3.2000000000000006,-0.82438215025
84,34.0,0.0032559999999648426,-4.400000000000002,-0.6616086393144635
85,106.0,0.009915000000091823,-11.599999999999978,-0.653657839364475
86,172.0,0.016079999999874417,-18.199999999999974,-0.91
87,97.0,0.009429000000181986,-10.699999999999982,-0.6243530664480715
88,35.0,0.003347000000303524,-4.500000000000002,-0.41531889016375
89,28.0,0.0027099999997517443,-1.8000000000000012,0.5
90,78.0,0.007329000000027008,-8.799999999999988,-0.2947515037082513
91,253.0,0.023489000000154192,-26.30000000000009,-0.3268289196822376
92,56.0,0.0052650000002358865,-6.599999999999996,-1.0
93,108.0,0.010068999999930384,-11.799999999999978,-0.904625
94,237.0,0.02201199999990422,-24.700000000000067,-0.3067501792858425
95,64.0,0.006041000000095664,-7.399999999999993,-0.95
96,66.0,0.006220000000212167,-7.5999999999999925,-0.25
97,106.0,0.009904999999889696,-11.599999999999978,-1.0
98,146.0,0.013578999999936059,-13.599999999999964,0.25
99,7.0,0.0007900000000518048,-1.7,-0.6956941969867521
100,63.0,0.005914000000302622,-7.299999999999994,-0.95
101,191.0,0.024143999999978405,-18.1,0.125
102,57.0,0.005454000000099768,-6.699999999999996,-0.7713657043950691
103,246.0,0.02289199999995617,-23.60000000000008,0.30000000000000004
104,75.0,0.007103999999799271,-8.49999999999999,-0.5920664943227776
105,84.0,0.007875999999669148,-7.399999999999986,0.15000000000000002
106,133.0,0.012510999999904016,-12.299999999999969,0.5459270383016144
107,82.0,0.007717999999840686,-9.199999999999987,-1.0
108,312.0,0.028972000000067055,-32.20000000000017,-0.6931984358743352
109,236.0,0.021908000000166794,-22.600000000000065,0.2729635191508071
110,42.0,0.003982000000178232,-5.200000000000001,-0.95
111,84.0,0.007857000000058179,-7.399999999999986,0.13648175957540354
112,76.0,0.007134000000405649,-8.599999999999989,-0.925
113,90.0,0.008434999999735737,-7.999999999999984,0.06824087978770177
114,252.0,0.023333000000093307,-26.200000000000088,-0.8714314389788277
115,155.0,0.014439999999922293,-16.49999999999996,-1.0
116,139.0,0.012936999999965337,-14.899999999999967,-0.8849655402735307
117,67.0,0.006286999999701948,-7.699999999999992,-0.9492948677184428
118,126.0,0.011725000000296859,-13.599999999999971,-0.935
119,51.0,0.004925000000184809,-4.099999999999998,1.0670096583451278
120,48.0,0.004532999999810272,-3.799999999999999,1.0309935280570035
121,174.0,0.016301000000112253,-18.399999999999977,-1.0
122,171.0,0.015899999999874126,-18.099999999999973,-0.25
123,152.0,0.014169999999921856,-16.19999999999996,-0.1634144598411188
124,139.0,0.013042000000041298,-14.899999999999967,-0.8864294316936483
125,61.0,0.005747000000155822,-7.099999999999994,-0.5
126,155.0,0.01474000000007436,-16.49999999999996,-0.4497589665230063
127,80.0,0.007477000000108092,-8.999999999999988,-0.5489269195976857
128,256.0,0.02419499999996333,-24.600000000000094,1.2455296053950788
129,143.0,0.013429000000087399,-15.299999999999965,-0.6074125853768276
130,59.0,0.005560999999943306,-4.899999999999995,1.0033305574611335
131,43.0,0.004076999999597319,-3.3000000000000007,1.0083956014453723
132,113.0,0.010486000000128115,-12.299999999999976,-1.0
133,212.0,0.019633999999769003,-22.20000000000003,-0.8631580538156928
134,126.0,0.011711000000104832,-11.599999999999971,0.504197800722686
135,61.0,0.005748999999923399,-7.099999999999994,-0.95
136,73.0,0.0068540000002030865,-8.29999999999999,-0.475
137,100.0,0.009318999999777589,-8.99999999999998,0.7512328325034593
138,160.0,0.01482899999973597,-16.999999999999957,-1.0
139,128.0,0.011884999999892898,-13.79999999999997,-0.15337508964292124
140,53.0,0.005226000000220665,-6.299999999999997,-0.76991
141,115.0,0.010755000000244763,-10.499999999999975,0.3756164162517297
142,126.0,0.01591499999994994,-11.599999999999971,0.9890260402176707
143,118.0,0.011081000000103813,-10.799999999999974,0.49451302010883547
144,480.0,0.044848999999885564,-47.00000000000041,0.24725651005441773
145,160.0,0.014939000000140368,-14.99999999999996,0.6767843663475034
146,114.0,0.010651999999936379,-10.399999999999975,0.7832567977849609
147,154.0,0.014386999999715044,-16.399999999999963,-0.8697285527967118
148,224.0,0.020841999999902328,-23.40000000000005,-0.6076321491749446
149,41.0,0.0039249999999810825,-5.100000000000001,-0.8016559931467646
150,87.0,0.008197999999993044,-7.699999999999985,0.8050259634163239
151,63.0,0.00595000000021173,-5.299999999999994,0.5720103853665295
152,137.0,0.012798000000202592,-12.699999999999967,0.4788041541466118
153,483.0,0.04494199999999182,-49.300000000000416,-0.2248794832615031
154,77.0,0.0073399999996581755,-8.699999999999989,-0.8715863058334061
155,90.0,0.008446000000276399,-9.999999999999984,-0.5808889648104126
156,73.0,0.006883000000016182,-8.29999999999999,-0.5
157,65.0,0.006120000000009895,-5.499999999999993,0.7500097496560859
158,32.0,0.003080999999838241,-4.200000000000001,-0.475
159,52.0,0.0050060000003213645,-6.1999999999999975,-0.43579315291670306
160,40.0,0.0038239999998950225,-3.0000000000000018,0.375004874828043
161,238.0,0.022261000000071363,-24.800000000000068,-0.95
162,63.0,0.005947000000105618,-5.299999999999994,0.4000019499312173
163,172.0,0.016024999999899592,-18.199999999999974,-0.5483059625070674
164,177.0,0.016621000000213826,-18.69999999999998,-0.6524257559153108
165,52.0,0.004940999999689666,-6.1999999999999975,-0.8864758917500218
166,74.0,0.00697600000012244,-8.39999999999999,-0.7359106607514116
167,37.0,0.00354399999969246,-2.700000000000002,0.5956245647904852
168,58.0,0.005511999999725958,-4.799999999999995,0.2978122823952426
169,186.0,0.018509999999878346,-17.599999999999994,0.678006432831582
170,155.0,0.019166999999924883,-16.49999999999996,-1.0
171,49.0,0.0047090000002754095,-5.899999999999999,-0.7074175423490027
172,61.0,0.005802000000130647,-7.099999999999994,-0.43157902690784644
173,38.0,0.003645000000233267,-4.8000000000000025,-0.3679553303757058
174,178.0,0.016585999999733758,-16.799999999999983,0.8887660466977618
175,294.0,0.027268999999705557,-30.400000000000148,-0.38495499999999994
176,232.0,0.0215939999998227,-22.20000000000006,0.4443830233488808
177,37.0,0.003565000000435248,-2.700000000000002,0.6090475701381766
178,34.0,0.0033020000000760774,-2.4000000000000017,0.6436851085759276
179,206.0,0.01921600000014223,-21.600000000000023,-0.7551003004743625
180,251.0,0.02349000000003798,-26.100000000000087,-0.48939377926906014
181,96.0,0.009026000000176282,-10.599999999999982,-0.95
182,376.0,0.0349740000001475,-36.600000000000264,1.0746151914567768
183,67.0,0.00631599999996979,-5.699999999999992,0.6798460765827108
184,277.0,0.026493999999729567,-26.700000000000124,0.5219384306330843
185,96.0,0.009015000000090367,-10.599999999999982,-0.6370615703841909
186,184.0,0.017151000000012573,-17.39999999999999,0.8493182853422159
187,35.0,0.0033409999996365514,-4.500000000000002,-0.25
188,148.0,0.01378999999997177,-13.799999999999963,0.8957592162521036
189,52.0,0.004903999999896769,-6.1999999999999975,-0.23750000000000004
190,358.0,0.03330499999992753,-36.80000000000024,-0.7226405674725348
191,283.0,0.02622800000017378,-27.300000000000132,0.8515301721573524
192,424.0,0.039381999999932304,-43.40000000000033,-0.7621301502489621
193,110.0,0.010358999999880325,-11.999999999999977,-0.84715
194,38.0,0.0036260000001675508,-4.8000000000000025,-0.7215771927936253
195,42.0,0.0040480000002389716,-5.200000000000001,-0.5967192981984064
196,29.0,0.002790000000004511,-3.9000000000000012,-0.7590055069467736
197,129.0,0.012001999999938562,-11.89999999999997,1.1529458059520747
198,392.0,0.03634399999964444,-40.20000000000029,-0.2178965764583516
199,90.0,0.008410999999796331,-7.999999999999984,0.8503370816638629
200,500.0,0.05186499999990701,-50.10000000000044,-2.2686640729130403e-05
201,159.0,0.014886000000387867,-16.89999999999996,-0.7311915355757154
202,112.0,0.01049700000021403,-10.199999999999976,1.1532415804476792
203,359.0,0.03363599999966027,-34.90000000000024,0.9639570928198672
204,500.0,0.053100000000085856,-50.10000000000044,3.954827365593161e-08
205,442.0,0.04316999999991822,-43.20000000000036,0.7870369348462375
206,121.0,0.012110000000120635,-11.099999999999973,1.0887622969198307
207,104.0,0.010569000000032247,-9.399999999999979,1.0908005424511307
208,297.0,0.027665000000069995,-28.700000000000152,0.878290676899394
209,108.0,0.010095999999975902,-9.799999999999978,0.43914533844969705
210,163.0,0.015518000000156462,-15.299999999999962,0.42565813537987884
211,199.0,0.01860599999963597,-18.900000000000013,0.6123965157312744
212,500.0,0.04661099999975704,-50.10000000000044,0.00011438294751883737
213,300.0,0.028052999999999884,-29.000000000000156,1.069206070733373
214,500.0,0.04657199999974182,-50.10000000000044,2.067518378723321e-11
215,99.0,0.009232999999767344,-8.89999999999998,0.5346030353666864
216,44.0,0.004598999999871012,-3.4000000000000004,0.2673015176833432
217,70.0,0.007101999999576947,-5.999999999999991,0.888867404231687
218,194.0,0.019199000000298838,-18.400000000000006,0.7616051979487939
219,234.0,0.02177800000026764,-24.400000000000063,-0.6272163790536386
220,74.0,0.006944000000203232,-8.39999999999999,-0.7688382872845204
221,430.0,0.04023299999971641,-44.00000000000034,-0.8280188457970035
222,93.0,0.00867999999991298,-10.299999999999983,-0.5532592399701891
223,123.0,0.011445000000094296,-11.299999999999972,1.2231885337270727
224,389.0,0.03606500000023516,-39.90000000000028,-0.5644050796992895
225,319.0,0.0294979999998759,-32.90000000000018,-0.6593838286080704
226,229.0,0.02121500000021115,-21.900000000000055,1.2223567553296186
227,500.0,0.04605400000036752,-50.10000000000044,-6.186953033227027e-09
228,500.0,0.049152000000049156,-50.10000000000044,-4.693467836602849e-14
229,206.0,0.021752999999989697,-19.600000000000023,0.6111783776648094
230,268.0,0.024801000000024942,-25.80000000000011,0.49447135106592377
231,150.0,0.0139139999996587,-13.999999999999963,1.033978947688043
232,44.0,0.004185999999663181,-3.4000000000000004,0.5169894738440215
233,133.0,0.01239499999974214,-12.299999999999969,0.6230203240955277
234,128.0,0.011918000000150641,-13.79999999999997,-0.5746716722623569
235,235.0,0.021737000000030093,-22.500000000000064,0.6762956846247438
236,106.0,0.010007999999743333,-9.599999999999978,0.8716049452209225
237,218.0,0.02022800000031566,-20.80000000000004,0.43580247261046123
238,197.0,0.018478999999842927,-18.70000000000001,1.0786867036120795
239,306.0,0.028517000000192638,-29.600000000000165,1.188858651673112
240,118.0,0.01103000000011889,-10.799999999999974,0.5944293258365559
241,250.0,0.024094000000332016,-24.000000000000085,0.2972146629182779
242,344.0,0.0330589999998665,-35.40000000000022,-0.49016763515997774
243,244.0,0.023059999999986758,-23.400000000000077,1.001829566363624
244,116.0,0.01084099999980026,-12.599999999999975,-0.523060154126904
245,229.0,0.02126700000007986,-21.900000000000055,1.1664002476887045
246,383.0,0.03554100000019389,-39.300000000000274,-0.5
247,411.0,0.03998599999977159,-40.100000000000314,0.8534233873739481
248,119.0,0.012396000000080676,-10.899999999999974,0.8222707220999628
249,71.0,0.0071779999998398125,-6.099999999999991,0.9813871242235088
250,127.0,0.012969999999768334,-11.69999999999997,0.4906935621117544
251,137.0,0.0137019999997392,-12.699999999999967,0.24534678105587715
252,50.0,0.005048999999871739,-3.9999999999999982,0.787660795385712
253,211.0,0.020900999999867054,-20.10000000000003,0.3938303976928559
254,492.0,0.046710000000075524,-48.20000000000043,0.19691519884642794
255,186.0,0.020595999999841297,-17.599999999999994,0.5022208235290214
256,189.0,0.02358299999968949,-17.9,0.6107106635292869
257,59.0,0.01012799999989511,-4.899999999999995,0.30535533176464336
258,113.0,0.0110740000000078,-10.299999999999976,0.15267766588232168
259,101.0,0.009677000000010594,-9.09999999999998,0.3110710663529287
260,346.0,0.03294599999981074,-33.60000000000022,0.1555355331764643
261,96.0,0.009105999999974301,-8.599999999999982,1.0726277626046556
262,128.0,0.011989999999968859,-11.79999999999997,0.9935457281527891
263,95.0,0.008928999999625375,-8.499999999999982,0.4967728640763944
264,84.0,0.007992999999714812,-9.399999999999986,-0.5301447661567649
265,91.0,0.008754000000408269,-8.099999999999984,0.2483864320381972
266,211.0,0.022758000000067113,-20.10000000000003,0.9358452148686641
267,113.0,0.013303000000178145,-10.299999999999976,0.6243380859474656
268,80.0,0.00969200000008641,-6.999999999999988,0.3121690429737327
269,223.0,0.020966999999927793,-21.300000000000047,1.2143701694949351
270,500.0,0.056872000000112166,-50.10000000000044,-0.0001935395710472576
271,175.0,0.01714300000003277,-16.49999999999998,1.2459431660246358
272,392.0,0.0385350000001381,-38.20000000000029,0.7483772664098542
273,397.0,0.04421399999955611,-38.700000000000294,1.0082417330581834
274,69.0,0.007026000000223576,-5.8999999999999915,0.5041208665290917
275,78.0,0.0089309999998477,-6.799999999999988,0.8508886728629004
276,500.0,0.05041699999992488,-50.10000000000044,0.0004534193813590104
277,68.0,0.006619999999657011,-7.799999999999992,-0.5924546949206554
278,90.0,0.008702000000084809,-7.999999999999984,0.7375369242559948
279,425.0,0.04093800000009651,-41.500000000000334,0.6987062848645127
280,187.0,0.017685000000255968,-17.699999999999996,1.1406468870027324
281,124.0,0.011719999999968422,-11.399999999999972,0.7062587548010929
282,100.0,0.010234000000309607,-10.99999999999998,-0.26507238307838243
283,61.0,0.007454000000052474,-5.099999999999994,0.3531293774005464
284,204.0,0.019706000000041968,-19.40000000000002,0.1765646887002732
285,349.0,0.034408999999868684,-33.900000000000226,0.920106660118903
286,500.0,0.04736499999989974,-50.10000000000044,7.369250432098795e-09
287,182.0,0.01904100000001563,-17.19999999999999,0.4600533300594515
288,105.0,0.009880000000066502,-9.499999999999979,0.2300266650297258
289,85.0,0.009318999999777589,-9.499999999999986,-0.44366791806558914
290,431.0,0.05452599999989616,-44.10000000000034,-0.2904444824052064
291,20.0,0.002185000000281434,-1.0000000000000004,0.1150133325148629
292,79.0,0.007536000000072818,-6.899999999999988,0.8676626564315584
293,500.0,0.05854600000020582,-50.10000000000044,5.0272966845010814e-08
294,500.0,0.05788200000006327,-50.10000000000044,2.5250718088676294e-07
295,223.0,0.028655000000071595,-21.300000000000047,1.0517416442136616
296,81.0,0.008083000000169704,-7.099999999999987,1.0187231887322825
297,500.0,0.054337999999916065,-50.10000000000044,-4.289589026013063e-06
298,123.0,0.011517999999796302,-11.299999999999972,0.5093615943661414
299,67.0,0.0073170000000573054,-5.699999999999992,0.2546807971830707
300,63.0,0.009469999999964784,-5.299999999999994,0.7586128011370522
301,157.0,0.014680999999654887,-14.69999999999996,0.37930640056852605
302,173.0,0.01610400000026857,-16.299999999999976,0.5725457530814259
303,107.0,0.015554000000065571,-9.699999999999978,1.010292518341302
304,99.0,0.009721000000354252,-8.89999999999998,1.02122534867699
305,173.0,0.016325999999935448,-16.299999999999976,0.9618353938085498
306,178.0,0.020829000000048836,-16.799999999999983,1.0638965559643843
307,90.0,0.010416999999961263,-7.999999999999984,0.999528416314889
308,108.0,0.010184999999637512,-9.799999999999978,0.6498113665259556
309,74.0,0.006968000000142638,-6.39999999999999,0.8051768042080371
310,38.0,0.003806000000167842,-2.800000000000002,0.8310333577396403
311,325.0,0.031217000000197004,-31.500000000000192,0.7410196206057779
312,108.0,0.010201000000051863,-9.799999999999978,0.5464078482423111
313,62.0,0.005892000000130793,-5.199999999999994,0.8623205851329669
314,55.0,0.006357999999636377,-4.4999999999999964,0.8269134947028657
315,250.0,0.02867599999990489,-24.000000000000085,0.9215326245794141
316,46.0,0.0043799999998554995,-3.5999999999999996,0.927094184327972
317,119.0,0.011017000000265398,-10.899999999999974,0.8729044476654079
318,60.0,0.006554000000051019,-4.999999999999995,0.7292594406174162
319,149.0,0.016845999999986816,-13.899999999999963,0.9487355231293437
320,50.0,0.004778999999871303,-3.9999999999999982,1.0269608476096082
321,28.0,0.00272499999982756,-1.8000000000000012,0.8778610589459587
322,136.0,0.012708000000202446,-12.599999999999968,1.0074170269749787
323,74.0,0.007333000000016909,-6.39999999999999,0.5037085134874892
324,157.0,0.015065000000049622,-14.69999999999996,0.6408710717084511
325,78.0,0.007340999999996711,-6.799999999999988,0.32043553585422546
326,253.0,0.02360999999973501,-24.30000000000009,1.2313091248907768
327,68.0,0.007304000000203814,-5.799999999999992,0.6156545624453884
328,140.0,0.013932999999724416,-12.999999999999966,0.9575795967361296
329,104.0,0.009789000000182568,-9.399999999999979,1.0429886529395769
330,57.0,0.005467999999837048,-4.699999999999996,0.5214943264697884
331,187.0,0.01739499999985128,-17.699999999999996,0.2607471632348942
332,67.0,0.006574000000000524,-5.699999999999992,0.13037358161744717
333,72.0,0.00723599999992075,-6.19999999999999,0.3021494326469789
334,94.0,0.008785999999872729,-8.399999999999983,0.15107471632348946
335,106.0,0.009924999999839201,-9.599999999999978,0.07553735816174467
336,122.0,0.012232000000039989,-11.199999999999973,0.7079067469509996
337,136.0,0.01316999999971813,-12.599999999999968,0.6765301590243199
338,240.0,0.02257000000008702,-23.00000000000007,0.9331922663331249
339,157.0,0.014949999999771535,-14.69999999999996,0.7757624308682816
340,288.0,0.02840699999978824,-27.80000000000014,0.5603049723473126
341,136.0,0.01255300000002535,-12.599999999999968,0.62929759115114
342,176.0,0.016164000000117085,-16.59999999999998,1.0016822859050447
343,70.0,0.006934000000001106,-5.999999999999991,1.014251811829734
344,79.0,0.00869200000033743,-6.899999999999988,0.507125905914867
345,28.0,0.003226000000267959,-1.8000000000000012,0.2535629529574335
346,89.0,0.00832300000001851,-7.899999999999984,0.3514251811829734
347,61.0,0.005783999999948719,-7.099999999999994,-0.13253619153919116
348,96.0,0.009007999999994354,-8.599999999999982,0.6052598254042005
349,128.0,0.012713000000076136,-11.79999999999997,0.9842790567096595
350,174.0,0.01630299999987983,-16.399999999999977,0.7733151555656813
351,129.0,0.015232000000196422,-11.89999999999997,0.3866575777828407
352,56.0,0.008100000000013097,-4.599999999999996,0.5823631015351152
353,95.0,0.008938999999827502,-8.499999999999982,0.6194281312942904
354,66.0,0.006243000000267784,-5.5999999999999925,0.7423732818393776
355,153.0,0.014241999999740074,-14.299999999999962,1.1497615881989558
356,246.0,0.023991000000023632,-23.60000000000008,0.5748807940994778
357,67.0,0.006307999999989988,-5.699999999999992,0.8788592424540264
358,47.0,0.004457000000002154,-5.699999999999999,-0.7371101888093003
359,52.0,0.004956000000220229,-4.1999999999999975,0.7312349575852884
360,31.0,0.0029959999997117848,-2.1000000000000014,0.6839951864272924
361,38.0,0.003643000000010943,-4.8000000000000025,-0.22183395903279457
362,57.0,0.005502999999862368,-4.699999999999996,0.9340554822871672
363,272.0,0.02579299999979412,-26.200000000000117,0.623622192914867
364,68.0,0.006725999999616761,-5.799999999999992,0.8252472091470034
365,112.0,0.010558999999830121,-10.199999999999976,0.7057009656801374
366,60.0,0.00747799999999188,-4.999999999999995,0.3528504828400687
367,41.0,0.004202999999961321,-3.1000000000000014,0.6998893280760463
368,269.0,0.025135999999747582,-25.900000000000112,1.2246106115884472
369,113.0,0.010582999999769527,-12.299999999999976,-0.6164641098340655
370,134.0,0.012564999999995052,-12.399999999999968,0.6123053057942236
371,66.0,0.006206999999903928,-5.5999999999999925,0.3061526528971118
372,30.0,0.0029240000003483146,-2.0000000000000013,0.15307632644855595
373,123.0,0.011671999999634863,-11.299999999999972,0.5513436276620554
374,106.0,0.01001799999994546,-9.599999999999978,0.2756718138310277
375,85.0,0.00798499999973501,-7.499999999999986,1.1548785383979026
376,86.0,0.008100999999896885,-7.599999999999985,0.5774392691989514
377,85.0,0.00795700000026045,-7.499999999999986,0.2887196345994756
378,194.0,0.019125999999687338,-20.400000000000006,-0.36440729470493527
379,57.0,0.00541300000031697,-6.699999999999996,-0.18220364735246763
380,109.0,0.013176999999814143,-9.899999999999977,1.2244422146805582
381,145.0,0.01438300000017989,-13.499999999999964,0.9339699084840455
382,33.0,0.003125000000181899,-2.3000000000000016,0.7687746880114963
383,107.0,0.009843999999702646,-9.699999999999978,0.38438734400574814
384,148.0,0.013570999999956257,-13.799999999999963,1.1993392479748148
385,311.0,0.02887300000020332,-30.100000000000172,0.729735699189926
386,70.0,0.006527999999889289,-5.999999999999991,0.5418942796759705
387,107.0,0.009909000000334345,-9.699999999999978,0.9300524136093331
388,30.0,0.0028779999997823325,-2.0000000000000013,0.7579709686094085
389,92.0,0.008707000000413245,-8.199999999999983,1.0620651238724443
390,137.0,0.012714999999843712,-14.699999999999967,-0.8150790825412165
391,173.0,0.01691900000014357,-16.299999999999976,1.2171162330089322
392,96.0,0.01003099999979895,-8.599999999999982,0.9318510143227141
393,177.0,0.021164000000226224,-16.69999999999998,0.7738978380317716
394,118.0,0.013205000000198197,-10.799999999999974,0.7136377334668624
395,195.0,0.025266999999985273,-18.500000000000007,0.3568188667334312
396,117.0,0.011679000000185624,-10.699999999999974,0.17840943336671566
397,134.0,0.01456400000006397,-12.399999999999968,0.08920471668335783
398,171.0,0.02062999999998283,-16.099999999999973,0.861594937890314
399,182.0,0.017291999999997643,-17.19999999999999,0.430797468945157
400,41.0,0.003899999999703141,-3.1000000000000014,0.42231898757806285
401,119.0,0.01114000000006854,-10.899999999999974,0.9046392128213565
402,45.0,0.004560000000310538,-3.5,0.755504934927426
403,95.0,0.009303000000272732,-8.499999999999982,0.5522019739709704
404,36.0,0.0034720000003289897,-2.600000000000002,0.27610098698548513
405,90.0,0.010498000000097818,-7.999999999999984,0.6806818526682843
406,60.0,0.005669000000125379,-4.999999999999995,0.34034092633414215
407,155.0,0.014427000000068801,-14.499999999999961,0.8623191983892876
408,40.0,0.003830999999991036,-3.0000000000000018,0.43115959919464386
409,162.0,0.015113999999812222,-15.19999999999996,0.21557979959732188
410,64.0,0.00673400000005131,-5.399999999999993,0.33623191983892875
411,173.0,0.01608699999997043,-16.299999999999976,0.8435773947444728
412,268.0,0.02647300000035102,-25.80000000000011,1.235470748428913
413,189.0,0.017595000000255823,-17.9,0.6177353742144566
414,440.0,0.04095999999981359,-45.000000000000355,-0.6451537761028534
415,35.0,0.003368000000136817,-2.5000000000000018,1.0866759375
416,99.0,0.00931300000002011,-8.89999999999998,1.0174044963692372
417,208.0,0.019329000000197993,-21.800000000000026,-0.47385625
418,56.0,0.005297999999584135,-4.599999999999996,0.5433379687500001
419,28.0,0.0027020000002266897,-1.8000000000000012,0.8801660077798137
420,132.0,0.013805000000047585,-12.199999999999969,0.6020664031119255
421,45.0,0.004299000000173692,-3.5,0.8448194838906986
422,196.0,0.019654999999602296,-18.60000000000001,0.271668984375
423,222.0,0.020979999999781285,-21.200000000000045,0.5879277935562794
424,405.0,0.03760099999999511,-39.500000000000306,0.48517111742251173
425,117.0,0.010978999999679218,-10.699999999999974,1.144293723241702
426,193.0,0.017952000000150292,-18.300000000000004,0.9873616168663006
427,59.0,0.005593000000317261,-4.899999999999995,1.0294305479774675
428,171.0,0.016133999999965454,-16.099999999999973,0.8754365391917829
429,30.0,0.0033140000000457803,-2.0000000000000013,0.43771826959589144
430,244.0,0.02405300000009447,-23.400000000000077,1.0540150560229913
431,261.0,0.02493300000014642,-25.1000000000001,1.1351125909762638
432,117.0,0.010934999999790307,-10.699999999999974,1.1132043069282607
433,322.0,0.03033099999993283,-31.200000000000188,1.1870417535809505
434,61.0,0.00577400000020134,-5.099999999999994,0.5935208767904752
435,95.0,0.008913000000120519,-8.499999999999982,0.7582202114580003
436,138.0,0.01285600000028353,-12.799999999999967,1.1495501517055156
437,100.0,0.010617999999794847,-8.99999999999998,0.5747750758527577
438,187.0,0.01891799999975774,-17.699999999999996,0.6776912070420533
439,72.0,0.00683500000013737,-6.19999999999999,0.5210764828168213
440,218.0,0.02150900000015099,-20.80000000000004,0.26053824140841075
441,136.0,0.01277299999992465,-12.599999999999968,0.7539342079397795
442,291.0,0.027098000000023603,-28.100000000000144,1.0454699582426863
443,212.0,0.019760000000133005,-20.20000000000003,1.1284041936669007
444,275.0,0.025641000000177883,-26.50000000000012,1.2192569857214917
445,370.0,0.03547699999990073,-36.000000000000256,1.236251297495077
446,39.0,0.0037330000000110886,-2.900000000000002,0.9508842506189906
447,55.0,0.005251999999927648,-4.4999999999999964,0.47544212530949526
448,112.0,0.011647999999695458,-10.199999999999976,0.6240054895343289
449,47.0,0.004832000000078551,-3.6999999999999993,0.3120027447671645
450,60.0,0.00567300000011528,-4.999999999999995,0.5475195031502449
451,122.0,0.011410000000068976,-11.199999999999973,0.469007801260098
452,67.0,0.006503999999949883,-5.699999999999992,0.7300659971225851
453,35.0,0.003337999999985186,-2.5000000000000018,0.36503299856129257
454,190.0,0.01896500000020751,-18.0,0.18251649928064628
455,315.0,0.0298729999999523,-32.50000000000018,-0.23692812499999993
456,53.0,0.00499500000023545,-4.299999999999997,0.9974412951516194
457,46.0,0.004381000000194035,-3.5999999999999996,0.6489765180606477
458,282.0,0.026147000000037224,-27.20000000000013,0.32448825903032397
459,127.0,0.011847000000216212,-11.69999999999997,0.9234325659681443
460,300.0,0.02774700000009034,-29.000000000000156,0.9588445381202679
461,113.0,0.010491999999885593,-10.299999999999976,0.8508409103789092
462,54.0,0.005520000000160508,-4.399999999999997,0.7455215776686881
463,62.0,0.0063070000001062,-5.199999999999994,0.37276078883434405
464,244.0,0.026569999999992433,-23.400000000000077,0.6213102619258428
465,110.0,0.010326000000077329,-9.999999999999977,0.49852410477033715
466,71.0,0.006644999999934953,-6.099999999999991,0.4494096419081348
467,186.0,0.017272999999931926,-17.599999999999994,1.1902083649075794
468,117.0,0.01089300000012372,-10.699999999999974,0.5951041824537897
469,92.0,0.008695999999872583,-8.199999999999983,0.29755209122689485
470,113.0,0.0104750000000422,-10.299999999999976,0.7235915958131285
471,52.0,0.00490300000001298,-4.1999999999999975,0.8861915588225288
472,225.0,0.020970000000033906,-21.50000000000005,0.9320385933413489
473,197.0,0.01908000000003085,-18.70000000000001,0.6228154373365395
474,78.0,0.007344999999986612,-6.799999999999988,0.3114077186682698
475,217.0,0.021352000000206317,-20.70000000000004,0.691478956390466
476,59.0,0.0067490000001271255,-4.899999999999995,0.345739478195233
477,49.0,0.004615000000285363,-3.8999999999999986,0.686907500549813
478,101.0,0.009379999999964639,-9.09999999999998,0.34345375027490643
479,105.0,0.009709000000384549,-9.499999999999979,0.17172687513745322
480,299.0,0.030208000000129687,-28.900000000000155,0.539850184521524
481,64.0,0.006015999999817723,-5.399999999999993,0.46594007380860947
482,141.0,0.013102999999773601,-13.099999999999966,0.23297003690430473
483,232.0,0.025979000000006636,-22.20000000000006,0.11648501845215242
484,237.0,0.022316999999929976,-22.700000000000067,0.516222474410085
485,119.0,0.015574999999898864,-10.899999999999974,0.6234481330488999
486,58.0,0.008256000000073982,-4.799999999999995,0.6495034025756481
487,157.0,0.014807999999902677,-14.69999999999996,0.32475170128782405
488,160.0,0.015107000000170956,-14.99999999999996,0.6835092382124597
489,177.0,0.018368000000009488,-16.69999999999998,1.1831411203232183
490,76.0,0.007114000000001397,-6.599999999999989,0.859806475939823
491,146.0,0.013526000000183558,-13.599999999999964,0.4299032379699115
492,53.0,0.005012999999962631,-4.299999999999997,0.6067817911589237
493,91.0,0.008469000000332016,-8.099999999999984,0.8836361827917543
494,68.0,0.006398999999873922,-5.799999999999992,0.9010225651663759
495,83.0,0.00776899999982561,-7.2999999999999865,0.7486471146627102
496,114.0,0.010800000000017462,-10.399999999999975,0.891322929082923
497,381.0,0.03739500000028784,-37.10000000000027,0.4456614645414616
498,263.0,0.02463899999975183,-25.300000000000104,0.2228307322707308
499,231.0,0.023968999999851803,-22.10000000000006,0.1114153661353654
500,173.0,0.016388999999890075,-16.299999999999976,0.8637141817386738
501,500.0,0.052551999999650434,-50.10000000000044,-6.463596610717381e-07
502,500.0,0.05252999999993335,-50.10000000000044,-4.535829670193614e-08
503,175.0,0.020861999999851832,-16.49999999999998,1.2470031472378706
504,49.0,0.004856000000017957,-3.8999999999999986,0.6235015736189353
505,500.0,0.04769699999997101,-50.10000000000044,-4.495305100382652e-09
506,44.0,0.004171000000042113,-3.4000000000000004,0.8919388250930629
507,366.0,0.04398700000001554,-35.60000000000025,0.9360517978532421
508,361.0,0.03375700000015058,-35.10000000000024,1.0830458514925922
509,455.0,0.04305900000008478,-44.50000000000038,1.0759670221121147
510,320.0,0.03513299999985975,-31.000000000000185,0.5379835110560574
511,95.0,0.008867999999893073,-8.499999999999982,0.9157850705407029
512,313.0,0.03242000000000189,-30.300000000000175,0.8228713064463269
513,500.0,0.047418000000106986,-50.10000000000044,-8.603220219560725e-09
514,162.0,0.01522800000020652,-15.19999999999996,0.41143565322316333
515,251.0,0.025016000000050553,-24.100000000000087,0.20571782661158167
516,57.0,0.005920000000060099,-4.699999999999996,0.10285891330579089
517,107.0,0.015812999999980093,-9.699999999999978,0.29114356532231633
518,77.0,0.007223999999951047,-6.699999999999989,0.538785644544894
519,131.0,0.013065999999980704,-12.09999999999997,0.622411406254366
520,140.0,0.013141999999788823,-12.999999999999966,0.3112057031271831
521,87.0,0.008218999999826337,-7.699999999999985,0.37448228125087324
522,167.0,0.015526000000136264,-15.699999999999967,0.18724114062543662
523,228.0,0.024382999999943422,-21.800000000000054,0.8880246158807468
524,135.0,0.012596000000030472,-12.499999999999968,0.4440123079403734
525,177.0,0.01652300000023388,-16.69999999999998,0.4276049231761494
526,437.0,0.04053599999997459,-42.70000000000035,0.2138024615880747
527,334.0,0.031072000000222033,-32.400000000000205,0.9200215407467542
528,394.0,0.03906699999970442,-38.40000000000029,0.6180086162987017
529,99.0,0.00943299999971714,-8.89999999999998,0.30900430814935076
530,369.0,0.03481199999987439,-35.900000000000254,0.6012048600776307
531,425.0,0.03944899999987683,-41.500000000000334,0.49048194403105216
532,167.0,0.015604999999595748,-15.699999999999967,0.4461927776124208
533,72.0,0.007842999999866151,-6.19999999999999,0.7372176376622348
534,67.0,0.006806999999753316,-5.699999999999992,1.013707898745598
535,72.0,0.006844999999884749,-6.19999999999999,0.506853949372799
536,130.0,0.012862000000041007,-11.99999999999997,0.2534269746863995
537,394.0,0.03715199999987817,-38.40000000000029,0.8431003448712928
538,452.0,0.042167999999946915,-44.20000000000037,0.8384850426958269
539,189.0,0.017800999999963096,-17.9,0.9299992001303871
540,181.0,0.016823999999814987,-17.099999999999987,0.7431940801800753
541,310.0,0.036006999999699474,-30.00000000000017,0.3715970400900377
542,207.0,0.02028599999994185,-19.700000000000024,1.0588597432284395
543,500.0,0.04959899999994377,-50.10000000000044,-0.000251473351423559
544,54.0,0.005106999999952677,-4.399999999999997,0.9548544754131845
545,500.0,0.049927000000025146,-50.10000000000044,1.8679081253969443e-07
546,500.0,0.046841999999742256,-50.10000000000044,-1.0912060104256716e-05
547,101.0,0.00970099999995,-9.09999999999998,1.0164527961084238
548,136.0,0.01467400000001362,-12.599999999999968,0.5082263980542119
549,34.0,0.0033580000003894384,-2.4000000000000017,0.6126324473773478
550,248.0,0.023218999999699008,-23.800000000000082,0.8338568671469331
551,500.0,0.059522000000015396,-50.10000000000044,3.164135620181696e-14
552,40.0,0.004068000000188476,-3.0000000000000018,0.41692843357346665
553,330.0,0.033373000000210595,-32.0000000000002,0.6990177075326847
554,54.0,0.00507000000015978,-4.399999999999997,0.3495088537663422
555,79.0,0.007631999999830441,-6.899999999999988,0.1747544268831711
556,133.0,0.021054000000276574,-12.299999999999969,0.784844189760672
557,109.0,0.010177000000112457,-9.899999999999977,0.5639376759042689
558,252.0,0.024695000000065193,-24.200000000000088,0.7512269620800991
559,35.0,0.005440999999791529,-2.5000000000000018,0.8452973813394239
560,105.0,0.010432000000037078,-9.499999999999979,0.9423611120919658
561,490.0,0.0470500000001266,-48.000000000000426,0.7684032227766919
562,454.0,0.04455099999995582,-44.400000000000375,0.8067112250308331
563,362.0,0.03385599999955957,-35.200000000000244,0.40335561251541663
564,87.0,0.00820800000019517,-7.699999999999985,0.994634728140239
565,335.0,0.03176399999983914,-32.500000000000206,0.9704425043917284
566,500.0,0.04622800000015559,-50.10000000000044,0.00019084142915298807
567,438.0,0.040829000000030646,-42.80000000000035,0.7894073014669274
568,456.0,0.042734999999993306,-44.60000000000038,0.8458297836636313
569,91.0,0.008491000000049098,-8.099999999999984,0.720665530772362
570,429.0,0.03998199999978169,-41.90000000000034,0.360332765386181
571,240.0,0.022312000000056287,-23.00000000000007,1.1865125331587456
572,399.0,0.03755400000000009,-38.9000000000003,0.5932562665793727
573,230.0,0.02167600000029779,-22.000000000000057,0.2966281332896863
574,245.0,0.02338000000008833,-23.500000000000078,1.198220285133151
575,402.0,0.03741099999979269,-39.2000000000003,0.5991101425665755
576,106.0,0.010890000000017608,-9.599999999999978,0.7587642230809615
577,161.0,0.015144999999847641,-15.099999999999959,0.37938211154048074
578,310.0,0.03355099999998856,-30.00000000000017,1.1348692401470974
579,216.0,0.020112000000153785,-20.600000000000037,0.5674346200735486
580,378.0,0.03607899999997244,-36.80000000000027,0.6315790784235356
581,156.0,0.014554999999745633,-14.59999999999996,0.7716842440764251
582,296.0,0.027884000000085507,-28.60000000000015,0.8075511664835648
583,83.0,0.007736000000022614,-7.2999999999999865,0.9338941846159757
584,24.0,0.002343000000109896,-1.4000000000000008,0.4669470923079879
585,198.0,0.018407999999908498,-18.80000000000001,0.23347354615399396
586,156.0,0.01450799999975061,-14.59999999999996,0.11673677307699704
587,293.0,0.02698099999997794,-28.300000000000146,0.501972704436007
588,164.0,0.0152419999999438,-15.399999999999963,0.6157891416839207
589,345.0,0.03338399999984176,-33.50000000000022,0.30789457084196026
590,500.0,0.0472500000000764,-50.10000000000044,-6.66305860486105e-09
591,150.0,0.01397899999983565,-13.999999999999963,0.15394728542098013
592,337.0,0.0376179999998385,-32.70000000000021,0.5208193781931918
593,394.0,0.037550000000010186,-38.40000000000029,1.1937875523509387
594,380.0,0.03516600000011749,-37.00000000000027,1.0514922730526683
595,391.0,0.03629700000010416,-38.100000000000286,0.8942280174444355
596,80.0,0.007521999999880791,-6.999999999999988,0.44711400872221774
597,133.0,0.01298399999996036,-12.299999999999969,0.8213159577832307
598,156.0,0.014566999999715335,-14.59999999999996,0.7192530886187511
599,63.0,0.005940000000009604,-5.299999999999994,1.0075769533071433
600,198.0,0.01853599999958533,-18.80000000000001,0.5037884766535717
601,390.0,0.03628500000013446,-38.000000000000284,1.0424458140150161
602,316.0,0.029637000000093394,-30.60000000000018,0.9035258729104686
603,500.0,0.04673899999988862,-50.10000000000044,-4.56521980873037e-05
604,140.0,0.01305899999988469,-12.999999999999966,0.45176293645523424
605,500.0,0.0463129999998273,-50.10000000000044,1.3182850117088307e-08
606,500.0,0.04957199999989825,-50.10000000000044,-1.6660089974251946e-11
607,78.0,0.007470000000012078,-6.799999999999988,0.6157995773931243
608,241.0,0.02243499999985943,-23.100000000000072,0.49631983095724985
609,150.0,0.014008000000103493,-13.999999999999963,0.9060275072189827
610,348.0,0.03245699999979479,-33.800000000000225,0.6124110028875931
611,266.0,0.025252999999793246,-25.600000000000108,0.7616472890455332
612,230.0,0.021361000000069907,-22.000000000000057,1.0204498041777759
613,178.0,0.01655799999980445,-16.799999999999983,0.9561499112485745
614,225.0,0.02090600000019549,-21.50000000000005,0.880716712937551
615,211.0,0.019554999999854772,-20.10000000000003,1.1882872510360676
616,457.0,0.04283900000018548,-44.70000000000038,0.725314900414427
617,133.0,0.012338999999883526,-12.299999999999969,0.5401259601657709
618,140.0,0.013257999999950698,-12.999999999999966,0.2700629800828853
619,500.0,0.04670200000009572,-50.10000000000044,-3.886889667048532e-05
620,53.0,0.005179000000225642,-4.299999999999997,1.092591271083544
621,164.0,0.01580100000001039,-15.399999999999963,0.546295635541772
622,90.0,0.00847299999986717,-7.999999999999984,0.2731478177708859
623,55.0,0.005212000000028638,-4.4999999999999964,0.13657390888544296
624,159.0,0.014878999999837106,-14.89999999999996,0.30462956355417714
625,149.0,0.014107000000421976,-13.899999999999963,0.9692104297749751
626,160.0,0.014956999999867548,-14.99999999999996,0.48460521488748753
627,150.0,0.013989000000037777,-13.999999999999963,0.24230260744374377
628,187.0,0.017457999999805907,-17.699999999999996,0.12115130372187188
629,276.0,0.02615700000023935,-26.600000000000122,0.9994436939668746
630,173.0,0.016106999999919935,-16.299999999999976,0.7698219820693999
631,160.0,0.014998999999988882,-14.99999999999996,0.38491099103469995
632,135.0,0.012933999999859225,-12.499999999999968,0.573171517131104
633,142.0,0.013221000000157801,-13.199999999999966,0.286585758565552
634,36.0,0.003523000000313914,-2.600000000000002,0.143292879282776
635,258.0,0.02394400000002861,-24.800000000000097,0.07164643964138806
636,169.0,0.016200999999909982,-15.89999999999997,0.2786585758565552
637,207.0,0.01923700000043027,-19.700000000000024,0.1393292879282776
638,70.0,0.006605000000035943,-5.999999999999991,0.9105645878172713
639,112.0,0.01046200000018871,-10.199999999999976,0.8431095510877815
640,178.0,0.016499999999723514,-16.799999999999983,0.7105161777959357
641,86.0,0.008077999999841268,-7.599999999999985,0.6901875350263452
642,56.0,0.0053219999999782885,-4.599999999999996,0.34509376751317267
643,41.0,0.003907999999682943,-3.1000000000000014,0.17254688375658633
644,119.0,0.011076000000230124,-10.899999999999974,0.31901875350263453
645,101.0,0.009422999999969761,-9.09999999999998,0.15950937675131727
646,108.0,0.010102000000188127,-9.799999999999978,0.6691264043490761
647,87.0,0.009289000000080705,-7.699999999999985,0.5176505617396303
648,335.0,0.0327980000001844,-32.500000000000206,0.8706197750079068
649,45.0,0.00427399999989575,-3.5,0.4353098875039534
650,384.0,0.04813000000012835,-37.400000000000276,0.4241239550015814
651,500.0,0.05045400000017253,-50.10000000000044,-8.850007393590431e-10
652,500.0,0.04750100000001112,-50.10000000000044,-6.327884945200868e-07
653,52.0,0.005122000000028493,-4.1999999999999975,0.2120619775007907
654,500.0,0.04734099999996033,-50.10000000000044,4.896303421650372e-05
655,436.0,0.047246999999970285,-42.60000000000035,1.0923927086240366
656,500.0,0.0474819999999454,-50.10000000000044,-0.0003807567170759085
657,57.0,0.005790000000160944,-4.699999999999996,0.5461963543120183
658,380.0,0.039667999999892345,-37.00000000000027,0.6344873690209871
659,74.0,0.007419999999910942,-6.39999999999999,0.5037949476083949
660,135.0,0.015621999999893887,-12.499999999999968,0.25189747380419747
661,122.0,0.011527999999998428,-11.199999999999973,0.7538670421638138
662,79.0,0.0074669999999059655,-6.899999999999988,0.3769335210819069
663,119.0,0.01109199999973498,-10.899999999999974,0.18846676054095346
664,244.0,0.023466000000098575,-23.400000000000077,0.5096196790626565
665,291.0,0.027145000000018626,-28.100000000000144,0.2548098395313283
666,34.0,0.003256999999848631,-2.4000000000000017,0.12740491976566415
667,210.0,0.02007099999991624,-20.00000000000003,0.3009619679062656
668,427.0,0.04028500000003987,-41.70000000000034,0.1504809839531328
669,153.0,0.018131000000266795,-14.299999999999962,0.31019239358125306
670,104.0,0.01029000000016822,-9.399999999999979,0.15509619679062658
671,343.0,0.03373299999975643,-33.30000000000022,0.3120384787162507
672,332.0,0.03588100000024497,-32.2000000000002,0.15601923935812534
673,141.0,0.013128000000051543,-13.099999999999966,1.196015422192052
674,403.0,0.04324799999994866,-39.3000000000003,1.2174635142227945
675,106.0,0.009946000000127242,-9.599999999999978,0.8695699090665686
676,500.0,0.04733399999986432,-50.10000000000044,-8.746954011193409e-05
677,40.0,0.003885999999965861,-3.0000000000000018,0.43478495453328425
678,374.0,0.035253000000011525,-36.40000000000026,0.7801635604268198
679,121.0,0.013625000000047294,-11.099999999999973,0.9081521870153135
680,500.0,0.04849599999988641,-50.10000000000044,-0.001456508336973722
681,220.0,0.02135099999986778,-21.000000000000043,0.4540760935076569
682,342.0,0.03207399999973859,-33.200000000000216,1.0338321404593611
683,500.0,0.051124000000072556,-50.10000000000044,-5.046206871806014e-08
684,84.0,0.008053000000018073,-7.399999999999986,0.8940211986311162
685,29.0,0.003418999999666994,-1.9000000000000012,0.4470105993155582
686,234.0,0.025622000000112166,-22.400000000000063,0.7223028370369564
687,247.0,0.023240999999870837,-23.70000000000008,0.6935214980190321
688,205.0,0.019389999999930296,-19.50000000000002,1.03576732992889
689,140.0,0.013026999999965483,-12.999999999999966,1.127862086890949
690,91.0,0.008479999999963184,-8.099999999999984,0.9163196228457123
691,111.0,0.010365999999976339,-10.099999999999977,0.8445778234485023
692,159.0,0.014939000000140368,-14.89999999999996,0.4222889117242512
693,78.0,0.007333000000016909,-6.799999999999988,0.7184538419880584
694,375.0,0.034640000000308646,-36.50000000000026,0.5373815367952234
695,72.0,0.006762999999864405,-6.19999999999999,0.26869076839761163
696,227.0,0.02320800000006784,-21.700000000000053,0.8037442556816982
697,226.0,0.021379999999680876,-21.60000000000005,0.7071981618181435
698,312.0,0.028844999999819265,-30.200000000000173,0.8828341835403557
699,348.0,0.03260000000000218,-33.800000000000225,0.44141709177017785
700,500.0,0.04811599999993632,-50.10000000000044,-1.396860040833725e-05
701,254.0,0.023588000000017928,-24.40000000000009,0.22070854588508892
702,181.0,0.016794000000118103,-17.099999999999987,0.3382834183540355
703,66.0,0.006226999999853433,-5.5999999999999925,0.16914170917701776
704,161.0,0.014989999999670545,-15.099999999999959,0.5213682127268937
705,187.0,0.01761899999974048,-17.699999999999996,0.26068410636344685
706,283.0,0.026563000000351167,-27.300000000000132,1.0059393927258742
707,120.0,0.01125000000001819,-10.999999999999973,0.5029696963629371
708,79.0,0.007372999999915919,-6.899999999999988,0.8299985114526047
709,401.0,0.0373779999999897,-39.1000000000003,1.0515869512676534
710,79.0,0.007430999999996857,-6.899999999999988,0.6706347805070614
711,260.0,0.024386000000049535,-25.0000000000001,0.6907274040926565
712,201.0,0.01959800000031464,-19.100000000000016,0.34536370204632827
713,500.0,0.052532000000155676,-50.10000000000044,2.8528693463147903e-07
714,263.0,0.02561199999991004,-25.300000000000104,0.3881454808185314
715,456.0,0.044909000000188826,-44.60000000000038,0.7116475576005852
716,311.0,0.0296650000000227,-30.100000000000172,1.1172379734048292
717,429.0,0.042819000000235974,-41.90000000000034,1.1954804683933595
718,375.0,0.04228899999998248,-36.50000000000026,1.2132551710628543
719,109.0,0.01389999999992142,-9.899999999999977,0.7353020684251417
720,121.0,0.013649999999870488,-11.099999999999973,0.9147928538190521
721,61.0,0.005775000000085129,-5.099999999999994,0.4573964269095261
722,200.0,0.018779999999878783,-19.000000000000014,0.9070953209380471
723,126.0,0.011812000000190892,-11.599999999999971,1.0945897848670727
724,191.0,0.017837999999755993,-18.1,0.9664841331682965
725,184.0,0.01731599999993705,-17.39999999999999,0.48324206658414837
726,206.0,0.023339000000305532,-19.600000000000023,0.24162103329207418
727,162.0,0.015064000000165834,-15.19999999999996,0.9292208383555902
728,76.0,0.0071259999999711,-6.599999999999989,1.0018757755295853
729,423.0,0.039134999999987485,-41.30000000000033,1.0775166486363943
730,225.0,0.021052999999938038,-21.50000000000005,0.6810066594545578
731,212.0,0.02018800000041665,-20.20000000000003,0.8970232639547979
732,228.0,0.021231000000170752,-21.800000000000054,0.8499628475578979
733,115.0,0.010733999999956723,-10.499999999999975,0.9620232033948348
734,60.0,0.005657000000155676,-4.999999999999995,0.4810116016974175
735,308.0,0.028391000000283384,-29.800000000000168,0.9248721457637943
736,500.0,0.046903999999813095,-50.10000000000044,-3.1350240029925924e-05
737,85.0,0.008060999999997875,-7.499999999999986,1.027371891361412
738,162.0,0.015092999999978929,-15.19999999999996,1.2230737083837178
739,397.0,0.037475999999969645,-38.700000000000294,0.6115368541918588
740,70.0,0.006630000000313885,-5.999999999999991,0.949671857770176
741,481.0,0.045218999999633525,-47.10000000000041,0.4748359288850881
742,136.0,0.014372000000093976,-12.599999999999968,0.829363255968385
743,500.0,0.04640800000015588,-50.10000000000044,-1.865376202786484e-05
744,105.0,0.009806999999909749,-9.499999999999979,0.4146816279841925
745,261.0,0.024292999999943277,-25.1000000000001,0.415872651193677
746,500.0,0.04658500000005006,-50.10000000000044,-2.6313737300220907e-10
747,88.0,0.008229000000028464,-7.799999999999985,1.1707872394631946
748,48.0,0.004539999999906286,-3.799999999999999,0.7183148957852777
749,108.0,0.010170000000016444,-9.799999999999978,0.7939402323117983
750,132.0,0.012250000000221917,-12.199999999999969,0.9847813923615872
751,408.0,0.0377360000002227,-39.80000000000031,1.0620485080467068
752,46.0,0.004426999999850523,-3.5999999999999996,0.5310242540233535
753,114.0,0.01061200000003737,-10.399999999999975,0.46240970160934136
754,500.0,0.0465369999997165,-50.10000000000044,1.3495736970597916e-05
755,500.0,0.04640500000004977,-50.10000000000044,-5.6861324759793774e-08
756,176.0,0.01773700000012468,-16.59999999999998,0.23120485080467068
757,500.0,0.0522369999998773,-50.10000000000044,-1.3465779713506265e-08
758,125.0,0.013435999999728665,-11.499999999999972,1.1303456793092754
759,357.0,0.033668000000034226,-34.70000000000024,0.8391146469225201
760,500.0,0.04737599999998565,-50.10000000000044,0.0004448926900101624
761,416.0,0.038664999999582506,-40.60000000000032,0.585645858769008
762,196.0,0.018250999999963824,-18.60000000000001,0.29282292938450394
763,455.0,0.04275299999972049,-44.50000000000038,0.8902032146285203
764,212.0,0.019862000000102853,-20.20000000000003,0.846832035373759
765,125.0,0.011766999999963446,-11.499999999999972,0.42341601768687953
766,500.0,0.04691099999990911,-50.10000000000044,-2.4213116890936526e-06
767,364.0,0.03414500000008047,-35.40000000000025,1.0210147211874354
768,409.0,0.04686299999957555,-39.90000000000031,0.8103327102466122
769,42.0,0.004017999999632593,-3.200000000000001,0.4051663551233061
770,147.0,0.013597000000117987,-13.699999999999964,0.6838421347651732
771,352.0,0.03526400000009744,-34.20000000000023,0.34192106738258654
772,500.0,0.04723199999989447,-50.10000000000044,-6.286526466059428e-09
773,292.0,0.02733200000011493,-28.200000000000145,0.17096053369129327
774,44.0,0.004220999999688502,-3.4000000000000004,0.504707370781214
775,500.0,0.046538999999938824,-50.10000000000044,-1.9439544418631272e-10
776,314.0,0.02923000000009779,-30.400000000000176,0.252353685390607
777,237.0,0.021962999999686872,-22.700000000000067,0.1261768426953035
778,500.0,0.04638599999998405,-50.10000000000044,1.93468276143971e-06
779,207.0,0.019334000000071683,-19.700000000000024,0.5797275606982895
780,129.0,0.012083999999958905,-11.89999999999997,0.28986378034914484
781,238.0,0.022151000000121712,-22.800000000000068,0.9455415832907745
782,223.0,0.020649999999932334,-21.300000000000047,0.8460405456140622
783,428.0,0.03963900000007925,-41.80000000000034,0.8338647767940236
784,199.0,0.018557999999757158,-18.900000000000013,0.41693238839701185
785,500.0,0.04632800000035786,-50.10000000000044,1.6275481520833246e-07
786,213.0,0.01977600000009261,-20.300000000000033,0.20846619419850598
787,232.0,0.02156199999990349,-22.20000000000006,0.33338647767940244
788,44.0,0.0042140000000472355,-3.4000000000000004,0.5835449155319086
789,68.0,0.006379999999808206,-5.799999999999992,0.2917724577659544
790,222.0,0.020815000000311557,-21.200000000000045,0.3667089831063818
791,81.0,0.007572999999865715,-7.099999999999987,0.18335449155319083
792,29.0,0.0028029999998580024,-1.9000000000000012,0.6494599723488963
793,385.0,0.03584699999964869,-37.50000000000028,0.32472998617444815
794,47.0,0.004735999999866181,-3.6999999999999993,0.669822237140415
795,232.0,0.021737000000030093,-22.20000000000006,0.3349111185702076
796,255.0,0.023681000000124186,-24.500000000000092,1.0290923488678494
797,82.0,0.007663000000320608,-7.199999999999987,0.5145461744339246
798,133.0,0.012378999999782536,-12.299999999999969,0.2572730872169623
799,122.0,0.011379000000033557,-11.199999999999973,0.1286365436084811
800,202.0,0.01868400000012116,-19.200000000000017,0.06431827180424055
801,267.0,0.024694000000181404,-25.70000000000011,0.47058184697735705
802,62.0,0.005812000000332773,-5.199999999999994,0.23529092348867853
803,500.0,0.04619500000035259,-50.10000000000044,7.525192902146927e-08
804,131.0,0.012122999999974127,-12.09999999999997,0.7477523475692827
805,426.0,0.03972599999997328,-41.600000000000335,0.5491009390277131
806,78.0,0.0076730000000679865,-6.799999999999988,0.8410769230388039
807,500.0,0.04856800000015937,-50.10000000000044,-0.01805417286153202
808,394.0,0.03685100000029706,-38.40000000000029,1.122558186044537
809,76.0,0.007137000000057014,-6.599999999999989,0.5612790930222685
810,99.0,0.009235999999873457,-8.89999999999998,0.6704484381858347
811,244.0,0.022609000000102242,-23.400000000000077,0.7050189625165656
812,99.0,0.009211000000050262,-8.89999999999998,0.9184851630973345
813,290.0,0.026966999999785912,-28.000000000000142,0.45924258154866726
814,464.0,0.042937000000165426,-45.40000000000039,0.6065015229956555
815,118.0,0.010995999999977357,-10.799999999999974,1.0977577836559629
816,483.0,0.04487699999981487,-47.300000000000416,1.0828689556670212
817,70.0,0.00663299999996525,-5.999999999999991,0.5414344778335106
818,95.0,0.009165999999822816,-8.499999999999982,0.27071723891675536
819,201.0,0.01868800000011106,-19.100000000000016,0.5414088152537764
820,203.0,0.01898399999981848,-19.30000000000002,0.2707044076268881
821,487.0,0.04535900000018955,-47.70000000000042,0.13535220381344404
822,488.0,0.04543000000012398,-47.80000000000042,0.06767610190672202
823,362.0,0.033527999999932945,-35.200000000000244,0.7380302306234163
824,44.0,0.004149999999754073,-3.4000000000000004,0.5452120922493666
825,257.0,0.024315000000115106,-24.700000000000095,0.659799998685882
826,153.0,0.014325999999982741,-14.299999999999962,0.329899999342941
827,500.0,0.04633000000012544,-50.10000000000044,-2.0709073954572332e-06
828,206.0,0.01908000000003085,-19.600000000000023,0.8028931931513141
829,202.0,0.01871099999971193,-19.200000000000017,0.7042609839855577
830,500.0,0.046335999999882915,-50.10000000000044,2.4080127919434702e-08
831,322.0,0.029966999999942345,-31.200000000000188,0.3521304919927788
832,187.0,0.017291000000113854,-17.699999999999996,0.1760652459963894
833,77.0,0.007172000000082335,-6.699999999999989,1.1151193377215278
834,193.0,0.017822999999680178,-18.300000000000004,0.8068381880708889
835,252.0,0.023317000000133703,-24.200000000000088,0.8132591821014487
836,86.0,0.007999000000381784,-7.599999999999985,0.9156001745503615
837,238.0,0.022171000000071217,-22.800000000000068,0.45780008727518073
838,321.0,0.03228199999966819,-31.100000000000186,0.2289000436375903
839,188.0,0.017533000000184984,-17.799999999999997,0.11445002181879516
840,500.0,0.047075999999833584,-50.10000000000044,3.196388966192343e-05
841,500.0,0.046511999999893305,-50.10000000000044,-0.0004210342423887625
842,43.0,0.004062000000430999,-3.3000000000000007,0.5347675078667424
843,198.0,0.01838900000029753,-18.80000000000001,1.2071512585058013
844,415.0,0.03839000000016313,-40.50000000000032,1.1413393255745417
845,76.0,0.007124999999632564,-6.599999999999989,0.5706696627872708
846,233.0,0.02179200000000492,-22.30000000000006,0.28533483139363547
847,454.0,0.04205600000022969,-44.400000000000375,0.3641339325574542
848,103.0,0.00961200000028839,-9.29999999999998,0.1820669662787271
849,190.0,0.017582999999831372,-18.0,1.068653126753734
850,224.0,0.020754000000124506,-21.40000000000005,0.534326563376867
851,58.0,0.005445000000236178,-4.799999999999995,0.2671632816884335
852,80.0,0.007471999999779655,-6.999999999999988,0.35686531267537336
853,148.0,0.01373600000033548,-13.799999999999963,1.1568614507871593
854,165.0,0.015311999999994441,-15.499999999999964,1.1243056898269022
855,83.0,0.007792999999765016,-7.2999999999999865,0.8404462620373179
856,436.0,0.04759800000010728,-42.60000000000035,0.7550572661595634
857,84.0,0.007874000000356318,-7.399999999999986,0.5520229064638253
858,170.0,0.018278000000009342,-15.999999999999972,0.4708091625855302
859,38.0,0.006374000000050728,-2.800000000000002,0.7636601893753217
860,288.0,0.027155000000220753,-27.80000000000014,0.3818300946876608
861,464.0,0.04443200000014258,-45.40000000000039,0.5721856303000514
862,222.0,0.020661000000018248,-21.200000000000045,0.6286410618967715
863,275.0,0.025542999999743188,-26.50000000000012,0.9017808825058556
864,500.0,0.04683499999964624,-50.10000000000044,-1.7863944707818824e-05
865,302.0,0.02838900000006106,-29.20000000000016,0.45089044125292776
866,234.0,0.021785999999792693,-22.400000000000063,1.018506938548966
867,104.0,0.009685999999874184,-9.399999999999979,0.94001835017186
868,127.0,0.011833999999907974,-11.69999999999997,0.4700091750859299
869,191.0,0.01772800000026109,-18.1,0.6378878101033747
870,155.0,0.014356999999563413,-14.499999999999961,0.8758456472082383
871,118.0,0.011054000000058295,-10.799999999999974,0.43792282360411916
872,106.0,0.009892999999919994,-9.599999999999978,0.8049837530342626
873,67.0,0.006345000000237633,-5.699999999999992,0.809427184094119
874,281.0,0.02614999999968859,-27.10000000000013,1.1706803095599954
875,298.0,0.02779499999996915,-28.800000000000153,1.073633529635871
876,182.0,0.016982999999981985,-17.19999999999999,0.8257944987857719
877,243.0,0.022530999999617052,-23.300000000000075,0.41289724939288597
878,402.0,0.03772100000014689,-39.2000000000003,0.4151588997571545
879,176.0,0.016393999999763764,-16.59999999999998,0.4160635599028618
880,222.0,0.02062999999998283,-21.200000000000045,0.5593959938197722
881,122.0,0.011411999999836553,-11.199999999999973,0.27969799690988606
882,226.0,0.020969000000150118,-21.60000000000005,1.0540648847538951
883,283.0,0.02628900000036083,-27.300000000000132,0.968565436303787
884,55.0,0.005763000000115426,-4.4999999999999964,0.4842827181518934
885,84.0,0.009979999999814027,-7.399999999999986,0.2421413590759467
886,112.0,0.010498999999981606,-10.199999999999976,0.12107067953797335
887,105.0,0.009804000000258384,-9.499999999999979,0.06053533976898673
888,116.0,0.010809999999764841,-10.599999999999975,0.030267669884493364
889,325.0,0.030169000000114465,-31.500000000000192,1.0214825004536805
890,500.0,0.04633899999998903,-50.10000000000044,-5.8719862731954064e-05
891,407.0,0.03762000000006083,-39.70000000000031,1.2008149319446273
892,170.0,0.015723999999863736,-15.999999999999972,0.6004074659723136
893,500.0,0.04616100000021106,-50.10000000000044,-1.881183189778035e-08
894,500.0,0.04651499999999942,-50.10000000000044,1.851899522620215e-09
895,127.0,0.011828000000150496,-11.69999999999997,1.1046845019062637
896,313.0,0.029325999999855412,-30.300000000000175,0.6918738007625056
897,180.0,0.01676099999986036,-16.999999999999986,0.8007460179102122
898,168.0,0.0156739999997626,-15.799999999999969,0.4003730089551061
899,62.0,0.00585399999999936,-5.199999999999994,0.8199963922340058
900,397.0,0.03677300000026662,-38.700000000000294,0.8163732604174914
901,200.0,0.01866299999983312,-19.000000000000014,0.5765493041669965
902,249.0,0.02316000000018903,-23.900000000000084,0.48061972166679867
903,131.0,0.012211000000206695,-12.09999999999997,0.4422478886667195
904,254.0,0.02387399999997797,-24.40000000000009,0.7232154594986802
905,30.0,0.0028900000002067827,-2.0000000000000013,0.3616077297493401
906,297.0,0.02765499999986787,-28.700000000000152,0.8120572630526649
907,31.0,0.002970000000004802,-2.1000000000000014,0.8725634969365027
908,161.0,0.015284000000065134,-15.099999999999959,1.1022799800156677
909,218.0,0.020346000000245112,-20.80000000000004,0.8965321597497478
910,87.0,0.010637000000315311,-7.699999999999985,0.4482660798748739
911,338.0,0.03404000000000451,-32.80000000000021,0.42930643194994955
912,134.0,0.012749999999869033,-12.399999999999968,0.7231568027171196
913,411.0,0.03852199999982986,-40.100000000000314,1.0147912355900268
914,310.0,0.028883000000405445,-30.00000000000017,0.808838217872984
915,86.0,0.008076000000073691,-7.599999999999985,0.7377340616172399
916,37.0,0.003539999999702559,-2.700000000000002,0.545093624646896
917,239.0,0.02222799999981362,-22.90000000000007,1.0666654025178854
918,264.0,0.024540000000342843,-25.400000000000105,1.065162631155414
919,102.0,0.00959499999999025,-9.19999999999998,1.1912745510155605
920,164.0,0.015308999999888329,-15.399999999999963,1.038144049195981
921,231.0,0.021498999999948865,-22.10000000000006,1.0951950841785112
922,104.0,0.009774000000106753,-9.399999999999979,0.5475975420892556
923,52.0,0.004928999999719963,-4.1999999999999975,0.2737987710446279
924,239.0,0.022363999999925,-22.90000000000007,0.5656826931201628
925,500.0,0.04699999999957072,-50.10000000000044,-1.645782116338479e-06
926,116.0,0.010866000000078202,-10.599999999999975,1.0695268710349166
927,103.0,0.01010599999972328,-9.29999999999998,0.9018351471572008
928,500.0,0.046630999999706546,-50.10000000000044,8.181257805134345e-06
929,498.0,0.04670299999997951,-48.80000000000044,1.1758108007939603
930,176.0,0.016669999999976426,-16.59999999999998,1.2111200324834746
931,125.0,0.01176900000018577,-11.499999999999972,0.8668626417811721
932,98.0,0.009190000000216969,-8.799999999999981,1.0074232313904055
933,194.0,0.018082999999933236,-18.400000000000006,0.5037116156952027
934,116.0,0.010945999999876221,-10.599999999999975,0.7281394475061869
935,176.0,0.016574999999647844,-16.59999999999998,0.9690057943469771
936,294.0,0.027368999999907828,-28.400000000000148,1.1020223761877586
937,59.0,0.005639999999857537,-4.899999999999995,0.6908089504751034
938,34.0,0.0037870000001021253,-2.4000000000000017,0.5263235801900414
939,100.0,0.014570000000276195,-8.99999999999998,0.7291351962092477
940,76.0,0.007136000000173226,-6.599999999999989,0.3645675981046239
941,94.0,0.008779000000231463,-8.399999999999983,0.18228379905231196
942,357.0,0.03299799999967945,-34.70000000000024,0.32291351962092474
943,159.0,0.021114000000125088,-14.89999999999996,0.8417748802188769
944,120.0,0.014481000000159838,-10.999999999999973,0.42088744010943846
945,282.0,0.026269000000411324,-27.20000000000013,0.5952432936624261
946,145.0,0.013514000000213855,-13.499999999999964,0.675065210157463
947,196.0,0.018172000000049593,-18.60000000000001,0.6772596980136714
948,159.0,0.014668000000256143,-14.89999999999996,0.5209038792054685
949,56.0,0.005271999999877153,-4.599999999999996,0.6356805920999729
950,66.0,0.00617999999985841,-5.5999999999999925,1.1006399225379015
951,177.0,0.016435999999885098,-16.69999999999998,1.1146057084362608
952,173.0,0.015978000000359316,-16.299999999999976,0.8339065216813675
953,330.0,0.030437000000347325,-32.0000000000002,1.1920462365484126
954,106.0,0.00987699999996039,-9.599999999999978,0.726818494619365
955,243.0,0.022541000000273925,-23.300000000000075,0.3634092473096826
956,187.0,0.01731100000006336,-17.699999999999996,0.5949338822446678
957,102.0,0.009592999999767926,-9.19999999999998,0.29746694112233385
958,157.0,0.014588000000003376,-14.69999999999996,0.7571700785160904
959,281.0,0.026054999999814754,-27.10000000000013,1.098543872178546
960,179.0,0.016568000000006577,-16.899999999999984,0.9104150275977558
961,143.0,0.013262999999824387,-13.299999999999965,0.6141660110391025
962,195.0,0.018082000000049447,-18.500000000000007,1.217841963297523
963,115.0,0.0108090000003358,-10.499999999999975,0.9829059599471996
964,159.0,0.014783000000079483,-14.89999999999996,0.9582292826543275
965,500.0,0.046626000000287604,-50.10000000000044,-7.850248645580038e-09
966,237.0,0.023176000000148633,-22.700000000000067,1.0417647374859227
967,206.0,0.01955900000029942,-19.600000000000023,0.5208823687429613
968,120.0,0.011194000000159576,-10.999999999999973,0.6494887830088174
969,249.0,0.023611999999957334,-23.900000000000084,0.509795513203527
970,93.0,0.008689000000231317,-8.299999999999983,0.2548977566017634
971,74.0,0.006953000000066822,-6.39999999999999,0.8355088901042449
972,250.0,0.023420999999871128,-24.000000000000085,1.0642301094588127
973,106.0,0.009982999999920139,-9.599999999999978,0.5321150547294065
974,131.0,0.012212999999974272,-12.09999999999997,0.26605752736470323
975,100.0,0.009383000000070751,-8.99999999999998,0.13302876368235161
976,113.0,0.010591000000204076,-10.299999999999976,0.06651438184117575
977,55.0,0.0051989999997203995,-4.4999999999999964,0.830394335278591
978,239.0,0.022300000000086584,-22.90000000000007,0.4151971676392955
979,131.0,0.012225999999827764,-12.09999999999997,0.2075985838196477
980,79.0,0.007431999999880645,-6.899999999999988,0.9763100514431655
981,220.0,0.020650999999816122,-21.000000000000043,0.6405240205772662
982,88.0,0.008217999999942549,-7.799999999999985,0.3202620102886331
983,154.0,0.014327999999750318,-14.399999999999961,0.5452743855478012
984,354.0,0.032788999999866064,-34.40000000000023,0.6354882243284785
985,126.0,0.012038999999731459,-11.599999999999971,0.31774411216423926
986,173.0,0.016058000000157335,-16.299999999999976,0.15887205608211963
987,90.0,0.008425999999872147,-7.999999999999984,0.49076650684992384
988,239.0,0.02209499999980835,-22.90000000000007,0.4463066027399696
989,316.0,0.029324000000087835,-30.60000000000018,1.1816188353157766
990,124.0,0.011604000000261294,-11.399999999999972,1.0909666028479168
991,251.0,0.023504000000230008,-24.100000000000087,0.6863866411391668
992,53.0,0.005000999999992928,-4.299999999999997,0.7910786479558544
993,163.0,0.016011000000162312,-15.299999999999962,0.39553932397792724
994,439.0,0.040794000000005326,-42.900000000000354,1.204099163414951
995,76.0,0.007180000000062137,-6.599999999999989,0.7316396653659804
996,268.0,0.027030000000195287,-25.80000000000011,0.9733480074440487
997,142.0,0.013269000000036613,-13.199999999999966,0.4866740037220243
998,220.0,0.020402999999987514,-21.000000000000043,0.6110261249296838
999,367.0,0.034052999999858,-35.70000000000025,0.3055130624648419
1000,0.0,0.0,0.0,0.0
1001,0.0,0.0,0.0,0.0
1002,0.0,0.0,0.0,0.0
1003,0.0,0.0,0.0,0.0
1004,0.0,0.0,0.0,0.0
1005,0.0,0.0,0.0,0.0
1006,0.0,0.0,0.0,0.0
1007,0.0,0.0,0.0,0.0
1008,0.0,0.0,0.0,0.0
1009,0.0,0.0,0.0,0.0
1010,0.0,0.0,0.0,0.0
1011,0.0,0.0,0.0,0.0
1012,0.0,0.0,0.0,0.0
1013,0.0,0.0,0.0,0.0
1014,0.0,0.0,0.0,0.0
1015,0.0,0.0,0.0,0.0
1016,0.0,0.0,0.0,0.0
1017,0.0,0.0,0.0,0.0
1018,0.0,0.0,0.0,0.0
1019,0.0,0.0,0.0,0.0
1020,0.0,0.0,0.0,0.0
1021,0.0,0.0,0.0,0.0
1022,0.0,0.0,0.0,0.0
1023,0.0,0.0,0.0,0.0
1024,0.0,0.0,0.0,0.0
1025,0.0,0.0,0.0,0.0
1026,0.0,0.0,0.0,0.0
1027,0.0,0.0,0.0,0.0
1028,0.0,0.0,0.0,0.0
1029,0.0,0.0,0.0,0.0
1030,0.0,0.0,0.0,0.0
1031,0.0,0.0,0.0,0.0
1032,0.0,0.0,0.0,0.0
1033,0.0,0.0,0.0,0.0
1034,0.0,0.0,0.0,0.0
1035,0.0,0.0,0.0,0.0
1036,0.0,0.0,0.0,0.0
1037,0.0,0.0,0.0,0.0
1038,0.0,0.0,0.0,0.0
1039,0.0,0.0,0.0,0.0
1040,0.0,0.0,0.0,0.0
1041,0.0,0.0,0.0,0.0
1042,0.0,0.0,0.0,0.0
1043,0.0,0.0,0.0,0.0
1044,0.0,0.0,0.0,0.0
1045,0.0,0.0,0.0,0.0
1046,0.0,0.0,0.0,0.0
1047,0.0,0.0,0.0,0.0
1048,0.0,0.0,0.0,0.0
1049,0.0,0.0,0.0,0.0
1050,0.0,0.0,0.0,0.0
1051,0.0,0.0,0.0,0.0
1052,0.0,0.0,0.0,0.0
1053,0.0,0.0,0.0,0.0
1054,0.0,0.0,0.0,0.0
1055,0.0,0.0,0.0,0.0
1056,0.0,0.0,0.0,0.0
1057,0.0,0.0,0.0,0.0
1058,0.0,0.0,0.0,0.0
1059,0.0,0.0,0.0,0.0
1060,0.0,0.0,0.0,0.0
1061,0.0,0.0,0.0,0.0
1062,0.0,0.0,0.0,0.0
1063,0.0,0.0,0.0,0.0
1064,0.0,0.0,0.0,0.0
1065,0.0,0.0,0.0,0.0
1066,0.0,0.0,0.0,0.0
1067,0.0,0.0,0.0,0.0
1068,0.0,0.0,0.0,0.0
1069,0.0,0.0,0.0,0.0
1070,0.0,0.0,0.0,0.0
1071,0.0,0.0,0.0,0.0
1072,0.0,0.0,0.0,0.0
1073,0.0,0.0,0.0,0.0
1074,0.0,0.0,0.0,0.0
1075,0.0,0.0,0.0,0.0
1076,0.0,0.0,0.0,0.0
1077,0.0,0.0,0.0,0.0
1078,0.0,0.0,0.0,0.0
1079,0.0,0.0,0.0,0.0
1080,0.0,0.0,0.0,0.0
1081,0.0,0.0,0.0,0.0
1082,0.0,0.0,0.0,0.0
1083,0.0,0.0,0.0,0.0
1084,0.0,0.0,0.0,0.0
1085,0.0,0.0,0.0,0.0
1086,0.0,0.0,0.0,0.0
1087,0.0,0.0,0.0,0.0
1088,0.0,0.0,0.0,0.0
1089,0.0,0.0,0.0,0.0
1090,0.0,0.0,0.0,0.0
1091,0.0,0.0,0.0,0.0
1092,0.0,0.0,0.0,0.0
1093,0.0,0.0,0.0,0.0
1094,0.0,0.0,0.0,0.0
1095,0.0,0.0,0.0,0.0
1096,0.0,0.0,0.0,0.0
1097,0.0,0.0,0.0,0.0
1098,0.0,0.0,0.0,0.0
1099,0.0,0.0,0.0,0.0
1100,0.0,0.0,0.0,0.0
1101,0.0,0.0,0.0,0.0
1102,0.0,0.0,0.0,0.0
1103,0.0,0.0,0.0,0.0
1104,0.0,0.0,0.0,0.0
1105,0.0,0.0,0.0,0.0
1106,0.0,0.0,0.0,0.0
1107,0.0,0.0,0.0,0.0
1108,0.0,0.0,0.0,0.0
1109,0.0,0.0,0.0,0.0
1110,0.0,0.0,0.0,0.0
1111,0.0,0.0,0.0,0.0
1112,0.0,0.0,0.0,0.0
1113,0.0,0.0,0.0,0.0
1114,0.0,0.0,0.0,0.0
1115,0.0,0.0,0.0,0.0
1116,0.0,0.0,0.0,0.0
1117,0.0,0.0,0.0,0.0
1118,0.0,0.0,0.0,0.0
1119,0.0,0.0,0.0,0.0
1120,0.0,0.0,0.0,0.0
1121,0.0,0.0,0.0,0.0
1122,0.0,0.0,0.0,0.0
1123,0.0,0.0,0.0,0.0
1124,0.0,0.0,0.0,0.0
1125,0.0,0.0,0.0,0.0
1126,0.0,0.0,0.0,0.0
1127,0.0,0.0,0.0,0.0
1128,0.0,0.0,0.0,0.0
1129,0.0,0.0,0.0,0.0
1130,0.0,0.0,0.0,0.0
1131,0.0,0.0,0.0,0.0
1132,0.0,0.0,0.0,0.0
1133,0.0,0.0,0.0,0.0
1134,0.0,0.0,0.0,0.0
1135,0.0,0.0,0.0,0.0
1136,0.0,0.0,0.0,0.0
1137,0.0,0.0,0.0,0.0
1138,0.0,0.0,0.0,0.0
1139,0.0,0.0,0.0,0.0
1140,0.0,0.0,0.0,0.0
1141,0.0,0.0,0.0,0.0
1142,0.0,0.0,0.0,0.0
1143,0.0,0.0,0.0,0.0
1144,0.0,0.0,0.0,0.0
1145,0.0,0.0,0.0,0.0
1146,0.0,0.0,0.0,0.0
1147,0.0,0.0,0.0,0.0
1148,0.0,0.0,0.0,0.0
1149,0.0,0.0,0.0,0.0
1150,0.0,0.0,0.0,0.0
1151,0.0,0.0,0.0,0.0
1152,0.0,0.0,0.0,0.0
1153,0.0,0.0,0.0,0.0
1154,0.0,0.0,0.0,0.0
1155,0.0,0.0,0.0,0.0
1156,0.0,0.0,0.0,0.0
1157,0.0,0.0,0.0,0.0
1158,0.0,0.0,0.0,0.0
1159,0.0,0.0,0.0,0.0
1160,0.0,0.0,0.0,0.0
1161,0.0,0.0,0.0,0.0
1162,0.0,0.0,0.0,0.0
1163,0.0,0.0,0.0,0.0
1164,0.0,0.0,0.0,0.0
1165,0.0,0.0,0.0,0.0
1166,0.0,0.0,0.0,0.0
1167,0.0,0.0,0.0,0.0
1168,0.0,0.0,0.0,0.0
1169,0.0,0.0,0.0,0.0
1170,0.0,0.0,0.0,0.0
1171,0.0,0.0,0.0,0.0
1172,0.0,0.0,0.0,0.0
1173,0.0,0.0,0.0,0.0
1174,0.0,0.0,0.0,0.0
1175,0.0,0.0,0.0,0.0
1176,0.0,0.0,0.0,0.0
1177,0.0,0.0,0.0,0.0
1178,0.0,0.0,0.0,0.0
1179,0.0,0.0,0.0,0.0
1180,0.0,0.0,0.0,0.0
1181,0.0,0.0,0.0,0.0
1182,0.0,0.0,0.0,0.0
1183,0.0,0.0,0.0,0.0
1184,0.0,0.0,0.0,0.0
1185,0.0,0.0,0.0,0.0
1186,0.0,0.0,0.0,0.0
1187,0.0,0.0,0.0,0.0
1188,0.0,0.0,0.0,0.0
1189,0.0,0.0,0.0,0.0
1190,0.0,0.0,0.0,0.0
1191,0.0,0.0,0.0,0.0
1192,0.0,0.0,0.0,0.0
1193,0.0,0.0,0.0,0.0
1194,0.0,0.0,0.0,0.0
1195,0.0,0.0,0.0,0.0
1196,0.0,0.0,0.0,0.0
1197,0.0,0.0,0.0,0.0
1198,0.0,0.0,0.0,0.0
1199,0.0,0.0,0.0,0.0
1200,0.0,0.0,0.0,0.0
1201,0.0,0.0,0.0,0.0
1202,0.0,0.0,0.0,0.0
1203,0.0,0.0,0.0,0.0
1204,0.0,0.0,0.0,0.0
1205,0.0,0.0,0.0,0.0
1206,0.0,0.0,0.0,0.0
1207,0.0,0.0,0.0,0.0
1208,0.0,0.0,0.0,0.0
1209,0.0,0.0,0.0,0.0
1210,0.0,0.0,0.0,0.0
1211,0.0,0.0,0.0,0.0
1212,0.0,0.0,0.0,0.0
1213,0.0,0.0,0.0,0.0
1214,0.0,0.0,0.0,0.0
1215,0.0,0.0,0.0,0.0
1216,0.0,0.0,0.0,0.0
1217,0.0,0.0,0.0,0.0
1218,0.0,0.0,0.0,0.0
1219,0.0,0.0,0.0,0.0
1220,0.0,0.0,0.0,0.0
1221,0.0,0.0,0.0,0.0
1222,0.0,0.0,0.0,0.0
1223,0.0,0.0,0.0,0.0
1224,0.0,0.0,0.0,0.0
1225,0.0,0.0,0.0,0.0
1226,0.0,0.0,0.0,0.0
1227,0.0,0.0,0.0,0.0
1228,0.0,0.0,0.0,0.0
1229,0.0,0.0,0.0,0.0
1230,0.0,0.0,0.0,0.0
1231,0.0,0.0,0.0,0.0
1232,0.0,0.0,0.0,0.0
1233,0.0,0.0,0.0,0.0
1234,0.0,0.0,0.0,0.0
1235,0.0,0.0,0.0,0.0
1236,0.0,0.0,0.0,0.0
1237,0.0,0.0,0.0,0.0
1238,0.0,0.0,0.0,0.0
1239,0.0,0.0,0.0,0.0
1240,0.0,0.0,0.0,0.0
1241,0.0,0.0,0.0,0.0
1242,0.0,0.0,0.0,0.0
1243,0.0,0.0,0.0,0.0
1244,0.0,0.0,0.0,0.0
1245,0.0,0.0,0.0,0.0
1246,0.0,0.0,0.0,0.0
1247,0.0,0.0,0.0,0.0
1248,0.0,0.0,0.0,0.0
1249,0.0,0.0,0.0,0.0
1250,0.0,0.0,0.0,0.0
1251,0.0,0.0,0.0,0.0
1252,0.0,0.0,0.0,0.0
1253,0.0,0.0,0.0,0.0
1254,0.0,0.0,0.0,0.0
1255,0.0,0.0,0.0,0.0
1256,0.0,0.0,0.0,0.0
1257,0.0,0.0,0.0,0.0
1258,0.0,0.0,0.0,0.0
1259,0.0,0.0,0.0,0.0
1260,0.0,0.0,0.0,0.0
1261,0.0,0.0,0.0,0.0
1262,0.0,0.0,0.0,0.0
1263,0.0,0.0,0.0,0.0
1264,0.0,0.0,0.0,0.0
1265,0.0,0.0,0.0,0.0
1266,0.0,0.0,0.0,0.0
1267,0.0,0.0,0.0,0.0
1268,0.0,0.0,0.0,0.0
1269,0.0,0.0,0.0,0.0
1270,0.0,0.0,0.0,0.0
1271,0.0,0.0,0.0,0.0
1272,0.0,0.0,0.0,0.0
1273,0.0,0.0,0.0,0.0
1274,0.0,0.0,0.0,0.0
1275,0.0,0.0,0.0,0.0
1276,0.0,0.0,0.0,0.0
1277,0.0,0.0,0.0,0.0
1278,0.0,0.0,0.0,0.0
1279,0.0,0.0,0.0,0.0
1280,0.0,0.0,0.0,0.0
1281,0.0,0.0,0.0,0.0
1282,0.0,0.0,0.0,0.0
1283,0.0,0.0,0.0,0.0
1284,0.0,0.0,0.0,0.0
1285,0.0,0.0,0.0,0.0
1286,0.0,0.0,0.0,0.0
1287,0.0,0.0,0.0,0.0
1288,0.0,0.0,0.0,0.0
1289,0.0,0.0,0.0,0.0
1290,0.0,0.0,0.0,0.0
1291,0.0,0.0,0.0,0.0
1292,0.0,0.0,0.0,0.0
1293,0.0,0.0,0.0,0.0
1294,0.0,0.0,0.0,0.0
1295,0.0,0.0,0.0,0.0
1296,0.0,0.0,0.0,0.0
1297,0.0,0.0,0.0,0.0
1298,0.0,0.0,0.0,0.0
1299,0.0,0.0,0.0,0.0
1300,0.0,0.0,0.0,0.0
1301,0.0,0.0,0.0,0.0
1302,0.0,0.0,0.0,0.0
1303,0.0,0.0,0.0,0.0
1304,0.0,0.0,0.0,0.0
1305,0.0,0.0,0.0,0.0
1306,0.0,0.0,0.0,0.0
1307,0.0,0.0,0.0,0.0
1308,0.0,0.0,0.0,0.0
1309,0.0,0.0,0.0,0.0
1310,0.0,0.0,0.0,0.0
1311,0.0,0.0,0.0,0.0
1312,0.0,0.0,0.0,0.0
1313,0.0,0.0,0.0,0.0
1314,0.0,0.0,0.0,0.0
1315,0.0,0.0,0.0,0.0
1316,0.0,0.0,0.0,0.0
1317,0.0,0.0,0.0,0.0
1318,0.0,0.0,0.0,0.0
1319,0.0,0.0,0.0,0.0
1320,0.0,0.0,0.0,0.0
1321,0.0,0.0,0.0,0.0
1322,0.0,0.0,0.0,0.0
1323,0.0,0.0,0.0,0.0
1324,0.0,0.0,0.0,0.0
1325,0.0,0.0,0.0,0.0
1326,0.0,0.0,0.0,0.0
1327,0.0,0.0,0.0,0.0
1328,0.0,0.0,0.0,0.0
1329,0.0,0.0,0.0,0.0
1330,0.0,0.0,0.0,0.0
1331,0.0,0.0,0.0,0.0
1332,0.0,0.0,0.0,0.0
1333,0.0,0.0,0.0,0.0
1334,0.0,0.0,0.0,0.0
1335,0.0,0.0,0.0,0.0
1336,0.0,0.0,0.0,0.0
1337,0.0,0.0,0.0,0.0
1338,0.0,0.0,0.0,0.0
1339,0.0,0.0,0.0,0.0
1340,0.0,0.0,0.0,0.0
1341,0.0,0.0,0.0,0.0
1342,0.0,0.0,0.0,0.0
1343,0.0,0.0,0.0,0.0
1344,0.0,0.0,0.0,0.0
1345,0.0,0.0,0.0,0.0
1346,0.0,0.0,0.0,0.0
1347,0.0,0.0,0.0,0.0
1348,0.0,0.0,0.0,0.0
1349,0.0,0.0,0.0,0.0
1350,0.0,0.0,0.0,0.0
1351,0.0,0.0,0.0,0.0
1352,0.0,0.0,0.0,0.0
1353,0.0,0.0,0.0,0.0
1354,0.0,0.0,0.0,0.0
1355,0.0,0.0,0.0,0.0
1356,0.0,0.0,0.0,0.0
1357,0.0,0.0,0.0,0.0
1358,0.0,0.0,0.0,0.0
1359,0.0,0.0,0.0,0.0
1360,0.0,0.0,0.0,0.0
1361,0.0,0.0,0.0,0.0
1362,0.0,0.0,0.0,0.0
1363,0.0,0.0,0.0,0.0
1364,0.0,0.0,0.0,0.0
1365,0.0,0.0,0.0,0.0
1366,0.0,0.0,0.0,0.0
1367,0.0,0.0,0.0,0.0
1368,0.0,0.0,0.0,0.0
1369,0.0,0.0,0.0,0.0
1370,0.0,0.0,0.0,0.0
1371,0.0,0.0,0.0,0.0
1372,0.0,0.0,0.0,0.0
1373,0.0,0.0,0.0,0.0
1374,0.0,0.0,0.0,0.0
1375,0.0,0.0,0.0,0.0
1376,0.0,0.0,0.0,0.0
1377,0.0,0.0,0.0,0.0
1378,0.0,0.0,0.0,0.0
1379,0.0,0.0,0.0,0.0
1380,0.0,0.0,0.0,0.0
1381,0.0,0.0,0.0,0.0
1382,0.0,0.0,0.0,0.0
1383,0.0,0.0,0.0,0.0
1384,0.0,0.0,0.0,0.0
1385,0.0,0.0,0.0,0.0
1386,0.0,0.0,0.0,0.0
1387,0.0,0.0,0.0,0.0
1388,0.0,0.0,0.0,0.0
1389,0.0,0.0,0.0,0.0
1390,0.0,0.0,0.0,0.0
1391,0.0,0.0,0.0,0.0
1392,0.0,0.0,0.0,0.0
1393,0.0,0.0,0.0,0.0
1394,0.0,0.0,0.0,0.0
1395,0.0,0.0,0.0,0.0
1396,0.0,0.0,0.0,0.0
1397,0.0,0.0,0.0,0.0
1398,0.0,0.0,0.0,0.0
1399,0.0,0.0,0.0,0.0
1400,0.0,0.0,0.0,0.0
1401,0.0,0.0,0.0,0.0
1402,0.0,0.0,0.0,0.0
1403,0.0,0.0,0.0,0.0
1404,0.0,0.0,0.0,0.0
1405,0.0,0.0,0.0,0.0
1406,0.0,0.0,0.0,0.0
1407,0.0,0.0,0.0,0.0
1408,0.0,0.0,0.0,0.0
1409,0.0,0.0,0.0,0.0
1410,0.0,0.0,0.0,0.0
1411,0.0,0.0,0.0,0.0
1412,0.0,0.0,0.0,0.0
1413,0.0,0.0,0.0,0.0
1414,0.0,0.0,0.0,0.0
1415,0.0,0.0,0.0,0.0
1416,0.0,0.0,0.0,0.0
1417,0.0,0.0,0.0,0.0
1418,0.0,0.0,0.0,0.0
1419,0.0,0.0,0.0,0.0
1420,0.0,0.0,0.0,0.0
1421,0.0,0.0,0.0,0.0
1422,0.0,0.0,0.0,0.0
1423,0.0,0.0,0.0,0.0
1424,0.0,0.0,0.0,0.0
1425,0.0,0.0,0.0,0.0
1426,0.0,0.0,0.0,0.0
1427,0.0,0.0,0.0,0.0
1428,0.0,0.0,0.0,0.0
1429,0.0,0.0,0.0,0.0
1430,0.0,0.0,0.0,0.0
1431,0.0,0.0,0.0,0.0
1432,0.0,0.0,0.0,0.0
1433,0.0,0.0,0.0,0.0
1434,0.0,0.0,0.0,0.0
1435,0.0,0.0,0.0,0.0
1436,0.0,0.0,0.0,0.0
1437,0.0,0.0,0.0,0.0
1438,0.0,0.0,0.0,0.0
1439,0.0,0.0,0.0,0.0
1440,0.0,0.0,0.0,0.0
1441,0.0,0.0,0.0,0.0
1442,0.0,0.0,0.0,0.0
1443,0.0,0.0,0.0,0.0
1444,0.0,0.0,0.0,0.0
1445,0.0,0.0,0.0,0.0
1446,0.0,0.0,0.0,0.0
1447,0.0,0.0,0.0,0.0
1448,0.0,0.0,0.0,0.0
1449,0.0,0.0,0.0,0.0
1450,0.0,0.0,0.0,0.0
1451,0.0,0.0,0.0,0.0
1452,0.0,0.0,0.0,0.0
1453,0.0,0.0,0.0,0.0
1454,0.0,0.0,0.0,0.0
1455,0.0,0.0,0.0,0.0
1456,0.0,0.0,0.0,0.0
1457,0.0,0.0,0.0,0.0
1458,0.0,0.0,0.0,0.0
1459,0.0,0.0,0.0,0.0
1460,0.0,0.0,0.0,0.0
1461,0.0,0.0,0.0,0.0
1462,0.0,0.0,0.0,0.0
1463,0.0,0.0,0.0,0.0
1464,0.0,0.0,0.0,0.0
1465,0.0,0.0,0.0,0.0
1466,0.0,0.0,0.0,0.0
1467,0.0,0.0,0.0,0.0
1468,0.0,0.0,0.0,0.0
1469,0.0,0.0,0.0,0.0
1470,0.0,0.0,0.0,0.0
1471,0.0,0.0,0.0,0.0
1472,0.0,0.0,0.0,0.0
1473,0.0,0.0,0.0,0.0
1474,0.0,0.0,0.0,0.0
1475,0.0,0.0,0.0,0.0
1476,0.0,0.0,0.0,0.0
1477,0.0,0.0,0.0,0.0
1478,0.0,0.0,0.0,0.0
1479,0.0,0.0,0.0,0.0
1480,0.0,0.0,0.0,0.0
1481,0.0,0.0,0.0,0.0
1482,0.0,0.0,0.0,0.0
1483,0.0,0.0,0.0,0.0
1484,0.0,0.0,0.0,0.0
1485,0.0,0.0,0.0,0.0
1486,0.0,0.0,0.0,0.0
1487,0.0,0.0,0.0,0.0
1488,0.0,0.0,0.0,0.0
1489,0.0,0.0,0.0,0.0
1490,0.0,0.0,0.0,0.0
1491,0.0,0.0,0.0,0.0
1492,0.0,0.0,0.0,0.0
1493,0.0,0.0,0.0,0.0
1494,0.0,0.0,0.0,0.0
1495,0.0,0.0,0.0,0.0
1496,0.0,0.0,0.0,0.0
1497,0.0,0.0,0.0,0.0
1498,0.0,0.0,0.0,0.0
1499,0.0,0.0,0.0,0.0
1500,0.0,0.0,0.0,0.0
1501,0.0,0.0,0.0,0.0
1502,0.0,0.0,0.0,0.0
1503,0.0,0.0,0.0,0.0
1504,0.0,0.0,0.0,0.0
1505,0.0,0.0,0.0,0.0
1506,0.0,0.0,0.0,0.0
1507,0.0,0.0,0.0,0.0
1508,0.0,0.0,0.0,0.0
1509,0.0,0.0,0.0,0.0
1510,0.0,0.0,0.0,0.0
1511,0.0,0.0,0.0,0.0
1512,0.0,0.0,0.0,0.0
1513,0.0,0.0,0.0,0.0
1514,0.0,0.0,0.0,0.0
1515,0.0,0.0,0.0,0.0
1516,0.0,0.0,0.0,0.0
1517,0.0,0.0,0.0,0.0
1518,0.0,0.0,0.0,0.0
1519,0.0,0.0,0.0,0.0
1520,0.0,0.0,0.0,0.0
1521,0.0,0.0,0.0,0.0
1522,0.0,0.0,0.0,0.0
1523,0.0,0.0,0.0,0.0
1524,0.0,0.0,0.0,0.0
1525,0.0,0.0,0.0,0.0
1526,0.0,0.0,0.0,0.0
1527,0.0,0.0,0.0,0.0
1528,0.0,0.0,0.0,0.0
1529,0.0,0.0,0.0,0.0
1530,0.0,0.0,0.0,0.0
1531,0.0,0.0,0.0,0.0
1532,0.0,0.0,0.0,0.0
1533,0.0,0.0,0.0,0.0
1534,0.0,0.0,0.0,0.0
1535,0.0,0.0,0.0,0.0
1536,0.0,0.0,0.0,0.0
1537,0.0,0.0,0.0,0.0
1538,0.0,0.0,0.0,0.0
1539,0.0,0.0,0.0,0.0
1540,0.0,0.0,0.0,0.0
1541,0.0,0.0,0.0,0.0
1542,0.0,0.0,0.0,0.0
1543,0.0,0.0,0.0,0.0
1544,0.0,0.0,0.0,0.0
1545,0.0,0.0,0.0,0.0
1546,0.0,0.0,0.0,0.0
1547,0.0,0.0,0.0,0.0
1548,0.0,0.0,0.0,0.0
1549,0.0,0.0,0.0,0.0
1550,0.0,0.0,0.0,0.0
1551,0.0,0.0,0.0,0.0
1552,0.0,0.0,0.0,0.0
1553,0.0,0.0,0.0,0.0
1554,0.0,0.0,0.0,0.0
1555,0.0,0.0,0.0,0.0
1556,0.0,0.0,0.0,0.0
1557,0.0,0.0,0.0,0.0
1558,0.0,0.0,0.0,0.0
1559,0.0,0.0,0.0,0.0
1560,0.0,0.0,0.0,0.0
1561,0.0,0.0,0.0,0.0
1562,0.0,0.0,0.0,0.0
1563,0.0,0.0,0.0,0.0
1564,0.0,0.0,0.0,0.0
1565,0.0,0.0,0.0,0.0
1566,0.0,0.0,0.0,0.0
1567,0.0,0.0,0.0,0.0
1568,0.0,0.0,0.0,0.0
1569,0.0,0.0,0.0,0.0
1570,0.0,0.0,0.0,0.0
1571,0.0,0.0,0.0,0.0
1572,0.0,0.0,0.0,0.0
1573,0.0,0.0,0.0,0.0
1574,0.0,0.0,0.0,0.0
1575,0.0,0.0,0.0,0.0
1576,0.0,0.0,0.0,0.0
1577,0.0,0.0,0.0,0.0
1578,0.0,0.0,0.0,0.0
1579,0.0,0.0,0.0,0.0
1580,0.0,0.0,0.0,0.0
1581,0.0,0.0,0.0,0.0
1582,0.0,0.0,0.0,0.0
1583,0.0,0.0,0.0,0.0
1584,0.0,0.0,0.0,0.0
1585,0.0,0.0,0.0,0.0
1586,0.0,0.0,0.0,0.0
1587,0.0,0.0,0.0,0.0
1588,0.0,0.0,0.0,0.0
1589,0.0,0.0,0.0,0.0
1590,0.0,0.0,0.0,0.0
1591,0.0,0.0,0.0,0.0
1592,0.0,0.0,0.0,0.0
1593,0.0,0.0,0.0,0.0
1594,0.0,0.0,0.0,0.0
1595,0.0,0.0,0.0,0.0
1596,0.0,0.0,0.0,0.0
1597,0.0,0.0,0.0,0.0
1598,0.0,0.0,0.0,0.0
1599,0.0,0.0,0.0,0.0
1600,0.0,0.0,0.0,0.0
1601,0.0,0.0,0.0,0.0
1602,0.0,0.0,0.0,0.0
1603,0.0,0.0,0.0,0.0
1604,0.0,0.0,0.0,0.0
1605,0.0,0.0,0.0,0.0
1606,0.0,0.0,0.0,0.0
1607,0.0,0.0,0.0,0.0
1608,0.0,0.0,0.0,0.0
1609,0.0,0.0,0.0,0.0
1610,0.0,0.0,0.0,0.0
1611,0.0,0.0,0.0,0.0
1612,0.0,0.0,0.0,0.0
1613,0.0,0.0,0.0,0.0
1614,0.0,0.0,0.0,0.0
1615,0.0,0.0,0.0,0.0
1616,0.0,0.0,0.0,0.0
1617,0.0,0.0,0.0,0.0
1618,0.0,0.0,0.0,0.0
1619,0.0,0.0,0.0,0.0
1620,0.0,0.0,0.0,0.0
1621,0.0,0.0,0.0,0.0
1622,0.0,0.0,0.0,0.0
1623,0.0,0.0,0.0,0.0
1624,0.0,0.0,0.0,0.0
1625,0.0,0.0,0.0,0.0
1626,0.0,0.0,0.0,0.0
1627,0.0,0.0,0.0,0.0
1628,0.0,0.0,0.0,0.0
1629,0.0,0.0,0.0,0.0
1630,0.0,0.0,0.0,0.0
1631,0.0,0.0,0.0,0.0
1632,0.0,0.0,0.0,0.0
1633,0.0,0.0,0.0,0.0
1634,0.0,0.0,0.0,0.0
1635,0.0,0.0,0.0,0.0
1636,0.0,0.0,0.0,0.0
1637,0.0,0.0,0.0,0.0
1638,0.0,0.0,0.0,0.0
1639,0.0,0.0,0.0,0.0
1640,0.0,0.0,0.0,0.0
1641,0.0,0.0,0.0,0.0
1642,0.0,0.0,0.0,0.0
1643,0.0,0.0,0.0,0.0
1644,0.0,0.0,0.0,0.0
1645,0.0,0.0,0.0,0.0
1646,0.0,0.0,0.0,0.0
1647,0.0,0.0,0.0,0.0
1648,0.0,0.0,0.0,0.0
1649,0.0,0.0,0.0,0.0
1650,0.0,0.0,0.0,0.0
1651,0.0,0.0,0.0,0.0
1652,0.0,0.0,0.0,0.0
1653,0.0,0.0,0.0,0.0
1654,0.0,0.0,0.0,0.0
1655,0.0,0.0,0.0,0.0
1656,0.0,0.0,0.0,0.0
1657,0.0,0.0,0.0,0.0
1658,0.0,0.0,0.0,0.0
1659,0.0,0.0,0.0,0.0
1660,0.0,0.0,0.0,0.0
1661,0.0,0.0,0.0,0.0
1662,0.0,0.0,0.0,0.0
1663,0.0,0.0,0.0,0.0
1664,0.0,0.0,0.0,0.0
1665,0.0,0.0,0.0,0.0
1666,0.0,0.0,0.0,0.0
1667,0.0,0.0,0.0,0.0
1668,0.0,0.0,0.0,0.0
1669,0.0,0.0,0.0,0.0
1670,0.0,0.0,0.0,0.0
1671,0.0,0.0,0.0,0.0
1672,0.0,0.0,0.0,0.0
1673,0.0,0.0,0.0,0.0
1674,0.0,0.0,0.0,0.0
1675,0.0,0.0,0.0,0.0
1676,0.0,0.0,0.0,0.0
1677,0.0,0.0,0.0,0.0
1678,0.0,0.0,0.0,0.0
1679,0.0,0.0,0.0,0.0
1680,0.0,0.0,0.0,0.0
1681,0.0,0.0,0.0,0.0
1682,0.0,0.0,0.0,0.0
1683,0.0,0.0,0.0,0.0
1684,0.0,0.0,0.0,0.0
1685,0.0,0.0,0.0,0.0
1686,0.0,0.0,0.0,0.0
1687,0.0,0.0,0.0,0.0
1688,0.0,0.0,0.0,0.0
1689,0.0,0.0,0.0,0.0
1690,0.0,0.0,0.0,0.0
1691,0.0,0.0,0.0,0.0
1692,0.0,0.0,0.0,0.0
1693,0.0,0.0,0.0,0.0
1694,0.0,0.0,0.0,0.0
1695,0.0,0.0,0.0,0.0
1696,0.0,0.0,0.0,0.0
1697,0.0,0.0,0.0,0.0
1698,0.0,0.0,0.0,0.0
1699,0.0,0.0,0.0,0.0
1700,0.0,0.0,0.0,0.0
1701,0.0,0.0,0.0,0.0
1702,0.0,0.0,0.0,0.0
1703,0.0,0.0,0.0,0.0
1704,0.0,0.0,0.0,0.0
1705,0.0,0.0,0.0,0.0
1706,0.0,0.0,0.0,0.0
1707,0.0,0.0,0.0,0.0
1708,0.0,0.0,0.0,0.0
1709,0.0,0.0,0.0,0.0
1710,0.0,0.0,0.0,0.0
1711,0.0,0.0,0.0,0.0
1712,0.0,0.0,0.0,0.0
1713,0.0,0.0,0.0,0.0
1714,0.0,0.0,0.0,0.0
1715,0.0,0.0,0.0,0.0
1716,0.0,0.0,0.0,0.0
1717,0.0,0.0,0.0,0.0
1718,0.0,0.0,0.0,0.0
1719,0.0,0.0,0.0,0.0
1720,0.0,0.0,0.0,0.0
1721,0.0,0.0,0.0,0.0
1722,0.0,0.0,0.0,0.0
1723,0.0,0.0,0.0,0.0
1724,0.0,0.0,0.0,0.0
1725,0.0,0.0,0.0,0.0
1726,0.0,0.0,0.0,0.0
1727,0.0,0.0,0.0,0.0
1728,0.0,0.0,0.0,0.0
1729,0.0,0.0,0.0,0.0
1730,0.0,0.0,0.0,0.0
1731,0.0,0.0,0.0,0.0
1732,0.0,0.0,0.0,0.0
1733,0.0,0.0,0.0,0.0
1734,0.0,0.0,0.0,0.0
1735,0.0,0.0,0.0,0.0
1736,0.0,0.0,0.0,0.0
1737,0.0,0.0,0.0,0.0
1738,0.0,0.0,0.0,0.0
1739,0.0,0.0,0.0,0.0
1740,0.0,0.0,0.0,0.0
1741,0.0,0.0,0.0,0.0
1742,0.0,0.0,0.0,0.0
1743,0.0,0.0,0.0,0.0
1744,0.0,0.0,0.0,0.0
1745,0.0,0.0,0.0,0.0
1746,0.0,0.0,0.0,0.0
1747,0.0,0.0,0.0,0.0
1748,0.0,0.0,0.0,0.0
1749,0.0,0.0,0.0,0.0
1750,0.0,0.0,0.0,0.0
1751,0.0,0.0,0.0,0.0
1752,0.0,0.0,0.0,0.0
1753,0.0,0.0,0.0,0.0
1754,0.0,0.0,0.0,0.0
1755,0.0,0.0,0.0,0.0
1756,0.0,0.0,0.0,0.0
1757,0.0,0.0,0.0,0.0
1758,0.0,0.0,0.0,0.0
1759,0.0,0.0,0.0,0.0
1760,0.0,0.0,0.0,0.0
1761,0.0,0.0,0.0,0.0
1762,0.0,0.0,0.0,0.0
1763,0.0,0.0,0.0,0.0
1764,0.0,0.0,0.0,0.0
1765,0.0,0.0,0.0,0.0
1766,0.0,0.0,0.0,0.0
1767,0.0,0.0,0.0,0.0
1768,0.0,0.0,0.0,0.0
1769,0.0,0.0,0.0,0.0
1770,0.0,0.0,0.0,0.0
1771,0.0,0.0,0.0,0.0
1772,0.0,0.0,0.0,0.0
1773,0.0,0.0,0.0,0.0
1774,0.0,0.0,0.0,0.0
1775,0.0,0.0,0.0,0.0
1776,0.0,0.0,0.0,0.0
1777,0.0,0.0,0.0,0.0
1778,0.0,0.0,0.0,0.0
1779,0.0,0.0,0.0,0.0
1780,0.0,0.0,0.0,0.0
1781,0.0,0.0,0.0,0.0
1782,0.0,0.0,0.0,0.0
1783,0.0,0.0,0.0,0.0
1784,0.0,0.0,0.0,0.0
1785,0.0,0.0,0.0,0.0
1786,0.0,0.0,0.0,0.0
1787,0.0,0.0,0.0,0.0
1788,0.0,0.0,0.0,0.0
1789,0.0,0.0,0.0,0.0
1790,0.0,0.0,0.0,0.0
1791,0.0,0.0,0.0,0.0
1792,0.0,0.0,0.0,0.0
1793,0.0,0.0,0.0,0.0
1794,0.0,0.0,0.0,0.0
1795,0.0,0.0,0.0,0.0
1796,0.0,0.0,0.0,0.0
1797,0.0,0.0,0.0,0.0
1798,0.0,0.0,0.0,0.0
1799,0.0,0.0,0.0,0.0
1800,0.0,0.0,0.0,0.0
1801,0.0,0.0,0.0,0.0
1802,0.0,0.0,0.0,0.0
1803,0.0,0.0,0.0,0.0
1804,0.0,0.0,0.0,0.0
1805,0.0,0.0,0.0,0.0
1806,0.0,0.0,0.0,0.0
1807,0.0,0.0,0.0,0.0
1808,0.0,0.0,0.0,0.0
1809,0.0,0.0,0.0,0.0
1810,0.0,0.0,0.0,0.0
1811,0.0,0.0,0.0,0.0
1812,0.0,0.0,0.0,0.0
1813,0.0,0.0,0.0,0.0
1814,0.0,0.0,0.0,0.0
1815,0.0,0.0,0.0,0.0
1816,0.0,0.0,0.0,0.0
1817,0.0,0.0,0.0,0.0
1818,0.0,0.0,0.0,0.0
1819,0.0,0.0,0.0,0.0
1820,0.0,0.0,0.0,0.0
1821,0.0,0.0,0.0,0.0
1822,0.0,0.0,0.0,0.0
1823,0.0,0.0,0.0,0.0
1824,0.0,0.0,0.0,0.0
1825,0.0,0.0,0.0,0.0
1826,0.0,0.0,0.0,0.0
1827,0.0,0.0,0.0,0.0
1828,0.0,0.0,0.0,0.0
1829,0.0,0.0,0.0,0.0
1830,0.0,0.0,0.0,0.0
1831,0.0,0.0,0.0,0.0
1832,0.0,0.0,0.0,0.0
1833,0.0,0.0,0.0,0.0
1834,0.0,0.0,0.0,0.0
1835,0.0,0.0,0.0,0.0
1836,0.0,0.0,0.0,0.0
1837,0.0,0.0,0.0,0.0
1838,0.0,0.0,0.0,0.0
1839,0.0,0.0,0.0,0.0
1840,0.0,0.0,0.0,0.0
1841,0.0,0.0,0.0,0.0
1842,0.0,0.0,0.0,0.0
1843,0.0,0.0,0.0,0.0
1844,0.0,0.0,0.0,0.0
1845,0.0,0.0,0.0,0.0
1846,0.0,0.0,0.0,0.0
1847,0.0,0.0,0.0,0.0
1848,0.0,0.0,0.0,0.0
1849,0.0,0.0,0.0,0.0
1850,0.0,0.0,0.0,0.0
1851,0.0,0.0,0.0,0.0
1852,0.0,0.0,0.0,0.0
1853,0.0,0.0,0.0,0.0
1854,0.0,0.0,0.0,0.0
1855,0.0,0.0,0.0,0.0
1856,0.0,0.0,0.0,0.0
1857,0.0,0.0,0.0,0.0
1858,0.0,0.0,0.0,0.0
1859,0.0,0.0,0.0,0.0
1860,0.0,0.0,0.0,0.0
1861,0.0,0.0,0.0,0.0
1862,0.0,0.0,0.0,0.0
1863,0.0,0.0,0.0,0.0
1864,0.0,0.0,0.0,0.0
1865,0.0,0.0,0.0,0.0
1866,0.0,0.0,0.0,0.0
1867,0.0,0.0,0.0,0.0
1868,0.0,0.0,0.0,0.0
1869,0.0,0.0,0.0,0.0
1870,0.0,0.0,0.0,0.0
1871,0.0,0.0,0.0,0.0
1872,0.0,0.0,0.0,0.0
1873,0.0,0.0,0.0,0.0
1874,0.0,0.0,0.0,0.0
1875,0.0,0.0,0.0,0.0
1876,0.0,0.0,0.0,0.0
1877,0.0,0.0,0.0,0.0
1878,0.0,0.0,0.0,0.0
1879,0.0,0.0,0.0,0.0
1880,0.0,0.0,0.0,0.0
1881,0.0,0.0,0.0,0.0
1882,0.0,0.0,0.0,0.0
1883,0.0,0.0,0.0,0.0
1884,0.0,0.0,0.0,0.0
1885,0.0,0.0,0.0,0.0
1886,0.0,0.0,0.0,0.0
1887,0.0,0.0,0.0,0.0
1888,0.0,0.0,0.0,0.0
1889,0.0,0.0,0.0,0.0
1890,0.0,0.0,0.0,0.0
1891,0.0,0.0,0.0,0.0
1892,0.0,0.0,0.0,0.0
1893,0.0,0.0,0.0,0.0
1894,0.0,0.0,0.0,0.0
1895,0.0,0.0,0.0,0.0
1896,0.0,0.0,0.0,0.0
1897,0.0,0.0,0.0,0.0
1898,0.0,0.0,0.0,0.0
1899,0.0,0.0,0.0,0.0
1900,0.0,0.0,0.0,0.0
1901,0.0,0.0,0.0,0.0
1902,0.0,0.0,0.0,0.0
1903,0.0,0.0,0.0,0.0
1904,0.0,0.0,0.0,0.0
1905,0.0,0.0,0.0,0.0
1906,0.0,0.0,0.0,0.0
1907,0.0,0.0,0.0,0.0
1908,0.0,0.0,0.0,0.0
1909,0.0,0.0,0.0,0.0
1910,0.0,0.0,0.0,0.0
1911,0.0,0.0,0.0,0.0
1912,0.0,0.0,0.0,0.0
1913,0.0,0.0,0.0,0.0
1914,0.0,0.0,0.0,0.0
1915,0.0,0.0,0.0,0.0
1916,0.0,0.0,0.0,0.0
1917,0.0,0.0,0.0,0.0
1918,0.0,0.0,0.0,0.0
1919,0.0,0.0,0.0,0.0
1920,0.0,0.0,0.0,0.0
1921,0.0,0.0,0.0,0.0
1922,0.0,0.0,0.0,0.0
1923,0.0,0.0,0.0,0.0
1924,0.0,0.0,0.0,0.0
1925,0.0,0.0,0.0,0.0
1926,0.0,0.0,0.0,0.0
1927,0.0,0.0,0.0,0.0
1928,0.0,0.0,0.0,0.0
1929,0.0,0.0,0.0,0.0
1930,0.0,0.0,0.0,0.0
1931,0.0,0.0,0.0,0.0
1932,0.0,0.0,0.0,0.0
1933,0.0,0.0,0.0,0.0
1934,0.0,0.0,0.0,0.0
1935,0.0,0.0,0.0,0.0
1936,0.0,0.0,0.0,0.0
1937,0.0,0.0,0.0,0.0
1938,0.0,0.0,0.0,0.0
1939,0.0,0.0,0.0,0.0
1940,0.0,0.0,0.0,0.0
1941,0.0,0.0,0.0,0.0
1942,0.0,0.0,0.0,0.0
1943,0.0,0.0,0.0,0.0
1944,0.0,0.0,0.0,0.0
1945,0.0,0.0,0.0,0.0
1946,0.0,0.0,0.0,0.0
1947,0.0,0.0,0.0,0.0
1948,0.0,0.0,0.0,0.0
1949,0.0,0.0,0.0,0.0
1950,0.0,0.0,0.0,0.0
1951,0.0,0.0,0.0,0.0
1952,0.0,0.0,0.0,0.0
1953,0.0,0.0,0.0,0.0
1954,0.0,0.0,0.0,0.0
1955,0.0,0.0,0.0,0.0
1956,0.0,0.0,0.0,0.0
1957,0.0,0.0,0.0,0.0
1958,0.0,0.0,0.0,0.0
1959,0.0,0.0,0.0,0.0
1960,0.0,0.0,0.0,0.0
1961,0.0,0.0,0.0,0.0
1962,0.0,0.0,0.0,0.0
1963,0.0,0.0,0.0,0.0
1964,0.0,0.0,0.0,0.0
1965,0.0,0.0,0.0,0.0
1966,0.0,0.0,0.0,0.0
1967,0.0,0.0,0.0,0.0
1968,0.0,0.0,0.0,0.0
1969,0.0,0.0,0.0,0.0
1970,0.0,0.0,0.0,0.0
1971,0.0,0.0,0.0,0.0
1972,0.0,0.0,0.0,0.0
1973,0.0,0.0,0.0,0.0
1974,0.0,0.0,0.0,0.0
1975,0.0,0.0,0.0,0.0
1976,0.0,0.0,0.0,0.0
1977,0.0,0.0,0.0,0.0
1978,0.0,0.0,0.0,0.0
1979,0.0,0.0,0.0,0.0
1980,0.0,0.0,0.0,0.0
1981,0.0,0.0,0.0,0.0
1982,0.0,0.0,0.0,0.0
1983,0.0,0.0,0.0,0.0
1984,0.0,0.0,0.0,0.0
1985,0.0,0.0,0.0,0.0
1986,0.0,0.0,0.0,0.0
1987,0.0,0.0,0.0,0.0
1988,0.0,0.0,0.0,0.0
1989,0.0,0.0,0.0,0.0
1990,0.0,0.0,0.0,0.0
1991,0.0,0.0,0.0,0.0
1992,0.0,0.0,0.0,0.0
1993,0.0,0.0,0.0,0.0
1994,0.0,0.0,0.0,0.0
1995,0.0,0.0,0.0,0.0
1996,0.0,0.0,0.0,0.0
1997,0.0,0.0,0.0,0.0
1998,0.0,0.0,0.0,0.0
1999,0.0,0.0,0.0,0.0
